vote_average,title,release_date,id,original_language,original_title,popularity,poster_path,video
9.0,The Insurrection,2020-05-04,702534,en,The Insurrection,28.645,/2XvsAalpQ65dsmtWcYv9NxdAkGl.jpg,False
8.7,The Shawshank Redemption,1994-09-23,278,en,The Shawshank Redemption,40.718,/5KCVkau1HEl7ZzfPsKAPM0sMiKc.jpg,False
8.7,The Godfather,1972-03-14,238,en,The Godfather,36.775,/iVZ3JAcAjmguGPnRNfWFOtLHOuY.jpg,False
8.6,The Godfather: Part II,1974-12-20,240,en,The Godfather: Part II,24.46,/amvmeQWheahG3StKwIE1f7jRnkZ.jpg,False
8.6,Schindler's List,1993-11-30,424,en,Schindler's List,28.013,/c8Ass7acuOe4za6DhSattE359gr.jpg,False
8.5,The Green Mile,1999-12-10,497,en,The Green Mile,26.084,/velWPhVMQeQKcxggNEU8YmIo52R.jpg,False
8.5,Pulp Fiction,1994-09-10,680,en,Pulp Fiction,38.138,/d5iIlFn5s0ImszYzBPb8JPIfbXD.jpg,False
8.5,Justice League Dark: Apokolips War,2020-05-05,618344,en,Justice League Dark: Apokolips War,95.355,/c01Y4suApJ1Wic2xLmaq1QYcfoZ.jpg,False
8.4,Spider-Man: Into the Spider-Verse,2018-12-06,324857,en,Spider-Man: Into the Spider-Verse,35.803,/iiZZdoQBEYBv6id8su7ImL0oCbD.jpg,False
8.4,The Lord of the Rings: The Return of the King,2003-12-01,122,en,The Lord of the Rings: The Return of the King,35.723,/rCzpDGLbOoPwLjy3OAm5NUPOTrC.jpg,False
8.4,Fight Club,1999-10-15,550,en,Fight Club,32.85,/bptfVGEQuv6vDTIMVCHjJ9Dz8PX.jpg,False
8.4,Forrest Gump,1994-07-06,13,en,Forrest Gump,32.527,/clolk7rB5lAjs41SD0Vt6IXYLMm.jpg,False
8.4,Psycho,1960-06-22,539,en,Psycho,28.734,/81d8oyEFgj7FlxJqSDXWr8JH8kV.jpg,False
8.4,The Dark Knight,2008-07-16,155,en,The Dark Knight,47.31,/uOYWdGpymxSgPMkHo3SgINpWUgk.jpg,False
8.4,Whiplash,2014-10-10,244786,en,Whiplash,30.909,/qq8xf2SQqHifUUyc0k6Hj1065f1.jpg,False
8.4,The Empire Strikes Back,1980-05-20,1891,en,The Empire Strikes Back,29.517,/7BuH8itoSrLExs2YZSsM01Qk2no.jpg,False
8.3,Léon: The Professional,1994-09-14,101,en,Léon: The Professional,31.525,/gbw7Tm7SUyiTMhI2B8yHk4OcT9I.jpg,False
8.3,Back to the Future,1985-07-03,105,en,Back to the Future,31.141,/7lyBcpYB0Qt8gYhXYaEZUNlNQAv.jpg,False
8.3,Se7en,1995-09-22,807,en,Se7en,35.952,/6yoghtyTpznpBik8EngEmJskVUO.jpg,False
8.3,Call Me by Your Name,2017-09-01,398818,en,Call Me by Your Name,30.295,/tcNniniS4rfqrLH0oORikJfnIwY.jpg,False
8.3,Avengers: Endgame,2019-04-24,299534,en,Avengers: Endgame,44.48,/or06FN3Dka5tukK1e9sl16pB3iy.jpg,False
8.3,The Lord of the Rings: The Fellowship of the Ring,2001-12-18,120,en,The Lord of the Rings: The Fellowship of the Ring,43.848,/6oom5QYQ2yQTMJIbnvbkBL9cHo6.jpg,False
8.3,Interstellar,2014-11-05,157336,en,Interstellar,63.353,/gEU2QniE6E77NI6lCU6MxlNBvIx.jpg,False
8.3,The Lord of the Rings: The Two Towers,2002-12-18,121,en,The Lord of the Rings: The Two Towers,28.462,/5VTN0pR8gcqV3EPUHHfMGnJYN9L.jpg,False
8.3,Green Book,2018-11-16,490132,en,Green Book,27.122,/7BsvSuDQuoqhWmU2fL7W2GOcZHU.jpg,False
8.3,Inception,2010-07-15,27205,en,Inception,96.345,/9gk7adHYeDvHkCSEqAvQNLV5Uge.jpg,False
8.3,Avengers: Infinity War,2018-04-25,299536,en,Avengers: Infinity War,75.083,/7WsyChQLEftFiDOVTGkv3hFpyyt.jpg,False
8.2,Reservoir Dogs,1992-09-02,500,en,Reservoir Dogs,24.669,/g7spS2Y4SZoQoC6Hn7zoqEqdYqR.jpg,False
8.2,Joker,2019-10-02,475557,en,Joker,86.14,/udDclJoHjfjb8Ekgsd4FDteOkCU.jpg,False
8.2,Memento,2000-10-11,77,en,Memento,25.697,/uprP8rtOgMYJQ2h3ldDFvGsaBgH.jpg,False
8.2,Taxi Driver,1976-02-09,103,en,Taxi Driver,23.96,/ekstpH614fwDX8DUln1a2Opz0N8.jpg,False
8.2,Coco,2017-10-27,354912,en,Coco,36.05,/eKi8dIrr8voobbaGzDpe8w0PVbC.jpg,False
8.2,The Shining,1980-05-23,694,en,The Shining,34.82,/b6ko0IKC8MdYBBPkkA1aBPLe2yz.jpg,False
8.2,Inglourious Basterds,2009-08-18,16869,en,Inglourious Basterds,25.066,/jTLuJbn90WrKFDQSqnRm0b42r8t.jpg,False
8.2,Star Wars,1977-05-25,11,en,Star Wars,63.871,/6FfCtAuVAW8XJjZ7eWeLibRLWTw.jpg,False
8.2,Gladiator,2000-05-01,98,en,Gladiator,38.282,/hY0z0HghtolIKAy6wpRDEDkvWzL.jpg,False
8.1,The Matrix,1999-03-30,603,en,The Matrix,40.759,/f89U3ADr1oiB1s9GkdPOEpXUk5H.jpg,False
8.1,Lion,2016-01-20,334543,en,Lion,26.899,/iBGRbLvg6kVc7wbS8wDdVHq6otm.jpg,False
8.1,The Imitation Game,2014-11-14,205596,en,The Imitation Game,29.181,/zSqJ1qFq8NXFfi7JeIYMlzyR0dx.jpg,False
8.1,Scoob!,2020-05-15,385103,en,Scoob!,214.004,/zG2l9Svw4PTldWJAzC171Y3d6G8.jpg,False
8.1,Hacksaw Ridge,2016-10-07,324786,en,Hacksaw Ridge,26.693,/vVJRemwt0WyqnwLMIAaa2FNZBME.jpg,False
8.1,Jojo Rabbit,2019-10-18,515001,en,Jojo Rabbit,79.536,/7GsM4mtM0worCtIVeiQt28HieeN.jpg,False
8.1,Saving Private Ryan,1998-07-24,857,en,Saving Private Ryan,27.553,/JC8KQ2BXaAIFEU8zEuakiwUQSr.jpg,False
8.1,2001: A Space Odyssey,1968-04-09,62,en,2001: A Space Odyssey,30.186,/zmmYdPa8Lxx999Af9vnVP4XQ1V6.jpg,False
8.1,Scarface,1983-12-08,111,en,Scarface,23.599,/nGY6NnlDsWaRKAycWUgXanqLxia.jpg,False
8.1,Alien,1979-05-25,348,en,Alien,35.183,/vfrQk5IPloGg1v9Rzbh2Eg3VGyM.jpg,False
8.1,Harry Potter and the Deathly Hallows: Part 2,2011-07-07,12445,en,Harry Potter and the Deathly Hallows: Part 2,42.472,/c54HpQmuwXjHq2C9wmoACjxoom3.jpg,False
8.1,Shutter Island,2010-02-14,11324,en,Shutter Island,26.08,/kve20tXwUZpu4GUX8l6X7Z4jmL6.jpg,False
8.0,Harry Potter and the Prisoner of Azkaban,2004-05-31,673,en,Harry Potter and the Prisoner of Azkaban,38.438,/uDQibffYgssdiqx7izO57wdLc6.jpg,False
8.0,WALL·E,2008-06-22,10681,en,WALL·E,26.947,/3g8vyePqVatTaUSnrNnrrwguhxM.jpg,False
8.0,The Greatest Showman,2017-12-20,316029,en,The Greatest Showman,24.813,/b9CeobiihCx1uG1tpw8hXmpi7nm.jpg,False
8.0,Hidden Figures,2016-12-10,381284,en,Hidden Figures,24.386,/9lfz2W2uGjyow3am00rsPJ8iOyq.jpg,False
8.0,Kill Bill: Vol. 1,2003-10-10,24,en,Kill Bill: Vol. 1,25.625,/v7TaX8kXMXs5yFFGR41guUDNcnB.jpg,False
8.0,Bohemian Rhapsody,2018-10-24,424694,en,Bohemian Rhapsody,32.365,/lHu1wtNaczFPGFDTrjCSzeLPTKN.jpg,False
8.0,Return of the Jedi,1983-05-25,1892,en,Return of the Jedi,23.766,/mDCBQNhR6R0PVFucJl0O4Hp5klZ.jpg,False
8.0,The Thing,1982-06-25,1091,en,The Thing,25.247,/tzGY49kseSE9QAKk47uuDGwnSCu.jpg,False
8.0,American Beauty,1999-09-15,14,en,American Beauty,30.688,/wby9315QzVKdW9BonAefg8jGTTb.jpg,False
8.0,Terminator 2: Judgment Day,1991-07-03,280,en,Terminator 2: Judgment Day,29.734,/5M0j0B18abtBI5gi2RhfjjurTqb.jpg,False
7.9,Gone Girl,2014-10-01,210577,en,Gone Girl,38.169,/tQf4DUygWo64AOuqgk4jEDCE3Ws.jpg,False
7.9,Inside Out,2015-06-09,150540,en,Inside Out,38.798,/2H1TmgdfNtsKlU9jKdeNyYL5y8T.jpg,False
7.9,Toy Story,1995-10-30,862,en,Toy Story,30.637,/uXDfjJbdP4ijW5hWSBrPrlKpxab.jpg,False
7.9,Little Women,2019-12-25,331482,en,Little Women,33.94,/yn5ihODtZ7ofn8pDYfxCmxh8AXI.jpg,False
7.9,La La Land,2016-11-29,313369,en,La La Land,28.72,/q0dsNZOuSKzAdZod9ohPXJ4GQUs.jpg,False
7.9,Raiders of the Lost Ark,1981-06-12,85,en,Raiders of the Lost Ark,27.756,/awUGN7ZCNq2EUTdpVaHDX23anOZ.jpg,False
7.9,Guardians of the Galaxy,2014-07-30,118340,en,Guardians of the Galaxy,27.68,/r7vmZjiyZw9rpJMQJdXpjgiCOk9.jpg,False
7.9,Kill Bill: Vol. 2,2004-04-16,393,en,Kill Bill: Vol. 2,27.334,/2yhg0mZQMhDyvUQ4rG1IZ4oIA8L.jpg,False
7.9,Her,2013-12-18,152601,en,Her,25.814,/yk4J4aewWYNiBhD49WD7UaBBn37.jpg,False
7.9,No Country for Old Men,2007-11-08,6977,en,No Country for Old Men,26.398,/6d5XOczc226jECq0LIX0siKtgHR.jpg,False
7.9,Braveheart,1995-05-24,197,en,Braveheart,30.472,/or1gBugydmjToAEq7OZY0owwFk.jpg,False
7.9,Blade Runner,1982-06-25,78,en,Blade Runner,32.732,/vfzE3pjE5G7G7kcZWrA3fnbZo7V.jpg,False
7.9,Harry Potter and the Philosopher's Stone,2001-11-16,671,en,Harry Potter and the Philosopher's Stone,67.835,/wuMc08IPKEatf9rnMNXvIDxqP4W.jpg,False
7.9,1917,2019-12-25,530915,en,1917,120.989,/iZf0KyrE25z1sage4SYFLCCrMi9.jpg,False
7.9,Ford v Ferrari,2019-11-13,359724,en,Ford v Ferrari,44.571,/6ApDtO7xaWAfPqfi2IARXIzj8QS.jpg,False
7.9,Onward,2020-02-29,508439,en,Onward,90.886,/f4aul3FyD3jv3v4bul1IrkWZvzq.jpg,False
7.9,Marriage Story,2019-11-06,492188,en,Marriage Story,24.514,/pZekG6xabTmZxjmYw10wN84Hp8d.jpg,False
7.8,To All the Boys I've Loved Before,2018-08-16,466282,en,To All the Boys I've Loved Before,24.284,/hKHZhUbIyUAjcSrqJThFGYIR6kI.jpg,False
7.8,"Monsters, Inc.",2001-11-01,585,en,"Monsters, Inc.",24.796,/sgheSKxZkttIe8ONsf2sWXPgip3.jpg,False
7.8,Knives Out,2019-11-27,546554,en,Knives Out,59.275,/pThyQovXQrw2m0s9x82twj48Jq4.jpg,False
7.8,Harry Potter and the Goblet of Fire,2005-11-16,674,en,Harry Potter and the Goblet of Fire,31.879,/fECBtHlr0RB3foNHDiCBXeg9Bv9.jpg,False
7.8,Logan,2017-02-28,263115,en,Logan,35.701,/fnbjcRDYn6YviCcePDnGdyAkYsB.jpg,False
7.8,Donnie Darko,2001-01-18,141,en,Donnie Darko,28.351,/fhQoQfejY1hUcwyuLgpBrYs6uFt.jpg,False
7.8,Titanic,1997-11-18,597,en,Titanic,34.386,/9xjZS2rlVxm8SFx8kPC3aIGCOYQ.jpg,False
7.8,Finding Nemo,2003-05-30,12,en,Finding Nemo,26.789,/xVNSgrsvpcAHPnyKf2phYxyppNZ.jpg,False
7.8,Indiana Jones and the Last Crusade,1989-05-24,89,en,Indiana Jones and the Last Crusade,24.239,/sizg1AU8f8JDZX4QIgE4pjUMBvx.jpg,False
7.8,Big Hero 6,2014-10-24,177572,en,Big Hero 6,34.86,/xozrGME58olN1xBhtxmjpOoY0jH.jpg,False
7.8,Harry Potter and the Deathly Hallows: Part 1,2010-10-17,12444,en,Harry Potter and the Deathly Hallows: Part 1,34.118,/iGoXIpQb7Pot00EEdwpwPajheZ5.jpg,False
7.7,Harry Potter and the Order of the Phoenix,2007-06-28,675,en,Harry Potter and the Order of the Phoenix,33.576,/g6n8G0xPnBVUIKKK41sNmbZB5h4.jpg,False
7.7,Harry Potter and the Half-Blood Prince,2009-07-07,767,en,Harry Potter and the Half-Blood Prince,35.194,/Ag21otqbeynZPGjEbzyr3X5Us0j.jpg,False
7.7,Zootopia,2016-02-11,269149,en,Zootopia,46.497,/hlK0e0wAQ3VLuJcsfIYPvb4JVud.jpg,False
7.7,How to Train Your Dragon 2,2014-06-09,82702,en,How to Train Your Dragon 2,25.212,/d13Uj86LdbDLrfDoHR5aDOFYyJC.jpg,False
7.7,The Gentlemen,2020-01-01,522627,en,The Gentlemen,45.672,/jtrhTYB7xSrJxR1vusu99nvnZ1g.jpg,False
7.7,Pirates of the Caribbean: The Curse of the Black Pearl,2003-07-09,22,en,Pirates of the Caribbean: The Curse of the Black Pearl,32.645,/z8onk7LV9Mmw6zKz4hT6pzzvmvl.jpg,False
7.7,The Martian,2015-09-30,286217,en,The Martian,36.15,/5BHuvQ6p9kfc091Z8RiFNhCwL4b.jpg,False
7.7,Spies in Disguise,2019-12-04,431693,en,Spies in Disguise,41.491,/30YacPAcxpNemhhwX0PVUl9pVA3.jpg,False
7.7,The Dark Knight Rises,2012-07-16,49026,en,The Dark Knight Rises,30.776,/85cWkCVftiVs0BVey6pxX8uNmLt.jpg,False
7.7,Batman Begins,2005-06-10,272,en,Batman Begins,28.684,/1P3ZyEq02wcTMd3iE4ebtLvncvH.jpg,False
7.7,Harry Potter and the Chamber of Secrets,2002-11-13,672,en,Harry Potter and the Chamber of Secrets,43.264,/sdEOH0992YZ0QSxgXNIGLq1ToUi.jpg,False
7.7,The Hateful Eight,2015-12-25,273248,en,The Hateful Eight,26.217,/nZeKw2oDiODgnht9OrohB2jBhjq.jpg,False
7.7,How to Train Your Dragon: The Hidden World,2019-01-03,166428,en,How to Train Your Dragon: The Hidden World,26.694,/xvx4Yhf0DVH8G4LzNISpMfFBDy2.jpg,False
7.7,Nightcrawler,2014-10-23,242582,en,Nightcrawler,28.833,/j9HrX8f7GbZQm1BrBiR40uFQZSb.jpg,False
7.7,Die Hard,1988-07-15,562,en,Die Hard,28.924,/aJCpHDC6RoGz7d1Fzayl019xnxX.jpg,False
7.7,Rush,2013-09-02,96721,en,Rush,34.174,/uWcMgxO3p3qwVFUxsRz1HbTzGvT.jpg,False
7.7,The Avengers,2012-04-25,24428,en,The Avengers,67.179,/RYMX2wcKCBAr24UyPD7xwmjaTn.jpg,False
7.7,The Irishman,2019-11-01,398978,en,The Irishman,30.005,/mbm8k3GFhXS0ROd9AD1gqYbIFbM.jpg,False
7.6,The Lighthouse,2019-10-18,503919,en,The Lighthouse,32.771,/3nk9UoepYmv1G9oP18q6JJCeYwN.jpg,False
7.6,Thor: Ragnarok,2017-10-25,284053,en,Thor: Ragnarok,46.61,/rzRwTcFvttcN1ZpX2xv4j3tSdJu.jpg,False
7.6,Iron Man,2008-04-30,1726,en,Iron Man,47.997,/78lPtwv72eTNqFW9COBYI0dWDJa.jpg,False
7.6,Kingsman: The Secret Service,2014-12-13,207703,en,Kingsman: The Secret Service,25.138,/hz46qOLJpDZ3lxVAAPTVpStpD2u.jpg,False
7.6,Deadpool,2016-02-09,293660,en,Deadpool,33.19,/yGSxMiF0cYuAiyuve5DA6bnWEOI.jpg,False
7.6,Shrek,2001-05-18,808,en,Shrek,27.705,/o04jZs5SXhbvhqO4981W7KJXOWZ.jpg,False
7.6,Edge of Tomorrow,2014-05-27,137113,en,Edge of Tomorrow,26.393,/uUHvlkLavotfGsNtosDy8ShsIYF.jpg,False
7.6,Cast Away,2000-12-22,8358,en,Cast Away,25.101,/epQDVKTf0tol6LhGGY5iYxpw1ne.jpg,False
7.6,The Hobbit: The Desolation of Smaug,2013-12-11,57158,en,The Hobbit: The Desolation of Smaug,26.254,/ckAJAtGcIrXy90wUuIdCmLCzkPW.jpg,False
7.6,Toy Story 4,2019-06-19,301528,en,Toy Story 4,33.689,/w9kR8qbmQ01HwnvK4alvnQ2ca0L.jpg,False
7.6,The Farewell,2019-07-12,565310,en,The Farewell,30.464,/7ht2IMGynDSVQGvAXhAb83DLET8.jpg,False
7.6,Trolls World Tour,2020-03-12,446893,en,Trolls World Tour,47.876,/7W0G3YECgDAfnuiHG91r8WqgIOe.jpg,False
7.6,Ready Player One,2018-03-28,333339,en,Ready Player One,30.438,/pU1ULUq8D3iRxl1fdX2lZIzdHuI.jpg,False
7.6,Guardians of the Galaxy Vol. 2,2017-04-19,283995,en,Guardians of the Galaxy Vol. 2,37.334,/y4MBh0EjBlMuOzv9axM4qJlmhzz.jpg,False
7.6,Ex Machina,2015-01-16,264660,en,Ex Machina,23.87,/9goPE2IoMIXxTLWzl7aizwuIiLh.jpg,False
7.5,Incredibles 2,2018-06-14,260513,en,Incredibles 2,33.037,/9lFKBtaVIhP7E2Pk0IY1CwTKTMZ.jpg,False
7.5,E.T. the Extra-Terrestrial,1982-06-11,601,en,E.T. the Extra-Terrestrial,26.219,/cNlhcOAjJZmvI20G08wdnvxs0EK.jpg,False
7.5,Deadpool 2,2018-05-10,383498,en,Deadpool 2,41.609,/to0spRl1CMDvyUbOnbb4fTk3VAd.jpg,False
7.5,Once Upon a Time… in Hollywood,2019-07-25,466272,en,Once Upon a Time… in Hollywood,51.458,/8j58iEBw9pOXFD2L0nt0ZXeHviB.jpg,False
7.5,Drive,2011-08-06,64690,en,Drive,24.288,/602vevIURmpDfzbnv5Ubi6wIkQm.jpg,False
7.5,The Fifth Element,1997-05-02,18,en,The Fifth Element,30.501,/fPtlCO1yQtnoLHOwKtWz7db6RGU.jpg,False
7.5,The Curious Case of Benjamin Button,2008-12-25,4922,en,The Curious Case of Benjamin Button,24.659,/9H2awZmNisMVJGp362Stv0bfUTs.jpg,False
7.5,Casino Royale,2006-11-14,36557,en,Casino Royale,27.839,/ta2BX3THwYXytWuVVozaT0NsMM8.jpg,False
7.5,Birdman or (The Unexpected Virtue of Ignorance),2014-08-27,194662,en,Birdman or (The Unexpected Virtue of Ignorance),35.458,/lvWL5ZRlYFh7M7fOvYswcRqyprI.jpg,False
7.5,Extraction,2020-04-24,545609,en,Extraction,103.958,/wlfDxbGEsW58vGhFljKkcR5IxDj.jpg,False
7.5,Spider-Man: Far from Home,2019-06-28,429617,en,Spider-Man: Far from Home,57.902,/4q2NNj4S5dG2RLF9CpXsej7yXl.jpg,False
7.5,A Star Is Born,2018-10-03,332562,en,A Star Is Born,33.514,/wrFpXMNBRj2PBiN4Z5kix51XaIZ.jpg,False
7.5,X-Men: Days of Future Past,2014-05-15,127585,en,X-Men: Days of Future Past,23.592,/bvN8iUpHyBIvniUk4e52SUZMA7Z.jpg,False
7.5,Rogue One: A Star Wars Story,2016-12-14,330459,en,Rogue One: A Star Wars Story,27.746,/5jX3p0apUG5bkMHtnKZch0xpkBS.jpg,False
7.5,The Terminator,1984-10-26,218,en,The Terminator,42.603,/qvktm0BHcnmDpul4Hz01GIazWPr.jpg,False
7.5,Sonic the Hedgehog,2020-02-12,454626,en,Sonic the Hedgehog,127.489,/aQvJ5WPzZgYVDrxLX4R6cLJCEaQ.jpg,False
7.5,Arrival,2016-11-10,329865,en,Arrival,33.946,/x2FJsf1ElAgr63Y3PNPtJrcmpoe.jpg,False
7.5,Gattaca,1997-09-07,782,en,Gattaca,23.634,/AuHbFy7d25NUgU9ane25nXeKeVK.jpg,False
7.5,Mad Max: Fury Road,2015-05-13,76341,en,Mad Max: Fury Road,36.85,/sQuxceRcV3cxKH5CAnAUZe0qFKS.jpg,False
7.5,Fury,2014-10-15,228150,en,Fury,31.436,/pfte7wdMobMF4CVHuOxyu6oqeeA.jpg,False
7.4,Star Trek,2009-05-06,13475,en,Star Trek,28.824,/hN2ZtF3Uw6mhIHZiqL0SKzELtKn.jpg,False
7.4,Dunkirk,2017-07-19,374720,en,Dunkirk,25.232,/ebSnODDg9lbsMIaWg2uAbjn7TO5.jpg,False
7.4,Doctor Strange,2016-10-25,284052,en,Doctor Strange,38.326,/gwi5kL7HEWAOTffiA14e4SbOGra.jpg,False
7.4,The Call of the Wild,2020-02-19,481848,en,The Call of the Wild,71.523,/33VdppGbeNxICrFUtW2WpGHvfYc.jpg,False
7.4,Upgrade,2018-06-01,500664,en,Upgrade,25.364,/8fDtXi6gVw8WUMWGT9XFz7YwkuE.jpg,False
7.4,Black Panther,2018-02-13,284054,en,Black Panther,39.888,/uxzzxijgPIY7slzFvMotPv8wjKA.jpg,False
7.4,Ghostbusters,1984-06-08,620,en,Ghostbusters,24.13,/h5Qz8J4T8YQnbZzHXM73WVYYVPK.jpg,False
7.4,First Blood,1982-10-22,1368,en,First Blood,25.376,/a9sa6ERZCpplbPEO7OMWE763CLD.jpg,False
7.4,Spider-Man: Homecoming,2017-07-05,315635,en,Spider-Man: Homecoming,43.31,/c24sv2weTHPsmDa7jEMN0m2P3RT.jpg,False
7.4,Captain America: Civil War,2016-04-27,271110,en,Captain America: Civil War,39.702,/A6BCtWOv5R1X6DmklAuSM6OxnL9.jpg,False
7.4,Ocean's Eleven,2001-12-07,161,en,Ocean's Eleven,26.001,/v5D7K4EHuQHFSjveq8LGxdSfrGS.jpg,False
7.4,Grease,1978-07-07,621,en,Grease,27.057,/czVhhAaSBFpakur7U8pOIDV9NUG.jpg,False
7.4,Star Wars: The Force Awakens,2015-12-15,140607,en,Star Wars: The Force Awakens,38.722,/9rd002JS49RwDW944fF1wjU8iTV.jpg,False
7.4,Avatar,2009-12-10,19995,en,Avatar,32.827,/btnl50ZDJDSCal2NLQIYWw0XxvH.jpg,False
7.4,Dark Waters,2019-11-22,552178,en,Dark Waters,45.24,/hJ6YEbrjFvToa5c7IiUqILoB6Je.jpg,False
7.4,Close Encounters of the Third Kind,1977-11-18,840,en,Close Encounters of the Third Kind,24.013,/f18kDVA9Yj65rC9iflvb52Z02Rs.jpg,False
7.4,Fantastic Beasts and Where to Find Them,2016-11-16,259316,en,Fantastic Beasts and Where to Find Them,30.167,/h6NYfVUyM6CDURtZSnBpz647Ldd.jpg,False
7.4,Baby Driver,2017-06-28,339403,en,Baby Driver,45.772,/rmnQ9jKW72bHu8uKlMjPIb2VLMI.jpg,False
7.4,The Hunger Games: Catching Fire,2013-11-15,101299,en,The Hunger Games: Catching Fire,25.035,/7c1JtraYsjMMnk8Md0IMoyRzqZJ.jpg,False
7.4,Apollo 13,1995-06-30,568,en,Apollo 13,25.616,/oYUZHYMwNKnE1ef4WE5Hw2a9OAY.jpg,False
7.4,Blade Runner 2049,2017-10-04,335984,en,Blade Runner 2049,42.84,/gajva2L0rPYkEWjzgFlBXCAVBE5.jpg,False
7.3,Frozen,2013-11-27,109445,en,Frozen,40.965,/yald8Lsb4uCRvjIH3spzR84Kdwf.jpg,False
7.3,Dawn of the Planet of the Apes,2014-06-26,119450,en,Dawn of the Planet of the Apes,29.168,/ie14Sm0hRI5f7Te2KIfU64NyCPr.jpg,False
7.3,Ice Age,2002-03-10,425,en,Ice Age,29.397,/gLhHHZUzeseRXShoDyC4VqLgsNv.jpg,False
7.3,The Hobbit: The Battle of the Five Armies,2014-12-10,122917,en,The Hobbit: The Battle of the Five Armies,52.003,/xT98tLqatZPQApyRmlPL12LtiWp.jpg,False
7.3,Source Code,2011-03-30,45612,en,Source Code,30.172,/AtQDTlj3MFOXJd5C9OopaRo3rRo.jpg,False
7.3,Mission: Impossible - Fallout,2018-07-13,353081,en,Mission: Impossible - Fallout,31.1,/AkJQpZp9WoNdj7pLYSj1L0RcMMN.jpg,False
7.3,Avengers: Age of Ultron,2015-04-22,99861,en,Avengers: Age of Ultron,40.333,/4ssDuvEDkSArWEdyBl2X5EHvYKU.jpg,False
7.3,John Wick: Chapter 3 - Parabellum,2019-05-15,458156,en,John Wick: Chapter 3 - Parabellum,43.627,/ziEuG1essDuWuC5lpWUaw1uXY2O.jpg,False
7.3,The Hobbit: An Unexpected Journey,2012-11-26,49051,en,The Hobbit: An Unexpected Journey,31.675,/yHA9Fc37VmpUA5UncTxxo3rTGVA.jpg,False
7.3,Split,2017-01-19,381288,en,Split,31.798,/lli31lYTFpvxVBeFHWoe5PMfW5s.jpg,False
7.3,Wonder Woman,2017-05-30,297762,en,Wonder Woman,41.681,/gfJGlDaHuWimErCr5Ql0I8x9QSy.jpg,False
7.3,Maleficent: Mistress of Evil,2019-10-16,420809,en,Maleficent: Mistress of Evil,34.632,/vloNTScJ3w7jwNwtNGoG8DbTThv.jpg,False
7.3,A Quiet Place,2018-04-03,447332,en,A Quiet Place,31.113,/nAU74GmpUk7t5iklEp3bufwDq4n.jpg,False
7.3,Star Trek Into Darkness,2013-05-05,54138,en,Star Trek Into Darkness,26.047,/7XrRkhMa9lQ71RszzSyVrJVvhyS.jpg,False
7.3,The Half of It,2020-05-01,597219,en,The Half of It,28.106,/jC1PNXGET1ZZQyrJvdFhPfXdPP1.jpg,False
7.3,The Devil Wears Prada,2006-06-30,350,en,The Devil Wears Prada,27.824,/u6QBDGUCOEMRekna95ip2MxplbQ.jpg,False
7.2,Frozen II,2019-11-20,330457,en,Frozen II,100.167,/pjeMs3yqRmFL3giJy4PMXWZTTPa.jpg,False
7.2,Birds of Prey (and the Fantabulous Emancipation of One Harley Quinn),2020-02-05,495764,en,Birds of Prey (and the Fantabulous Emancipation of One Harley Quinn),120.236,/h4VB6m0RwcicVEZvzftYZyKXs6K.jpg,False
7.2,The Kissing Booth,2018-05-11,454983,en,The Kissing Booth,27.71,/7Dktk2ST6aL8h9Oe5rpk903VLhx.jpg,False
7.2,Bad Boys for Life,2020-01-15,38700,en,Bad Boys for Life,113.028,/y95lQLnuNKdPAzw9F9Ab8kJ80c3.jpg,False
7.2,The Shape of Water,2017-12-01,399055,en,The Shape of Water,25.256,/k4FwHlMhuRR5BISY2Gm2QZHlH5Q.jpg,False
7.2,Gravity,2013-10-03,49047,en,Gravity,25.465,/nGdGlz45Vt2dJiX2AljerQDSwIM.jpg,False
7.2,Ralph Breaks the Internet,2018-11-20,404368,en,Ralph Breaks the Internet,25.431,/qEnH5meR381iMpmCumAIMswcQw2.jpg,False
7.2,The Lion King,2019-07-12,420818,en,The Lion King,70.219,/2bXbqYdUdNVa8VIWXVfclP2ICtT.jpg,False
7.2,Pirates of the Caribbean: Dead Man's Chest,2006-06-20,58,en,Pirates of the Caribbean: Dead Man's Chest,27.375,/AdRQGfT05z6L9gIpUpkh4McMmpm.jpg,False
7.2,Dolemite Is My Name,2019-10-04,528888,en,Dolemite Is My Name,32.809,/uoAqJg7ZSmftnBGOkupU1ySZQU0.jpg,False
7.2,Big Trouble in Little China,1986-05-30,6978,en,Big Trouble in Little China,24.398,/gI2Qs1yTTj3NcESJyttCkbmJ4k9.jpg,False
7.2,Pirates of the Caribbean: At World's End,2007-05-19,285,en,Pirates of the Caribbean: At World's End,23.905,/jGWpG4YhpQwVmjyHEGkxEkeRf0S.jpg,False
7.2,The Equalizer,2014-09-24,156022,en,The Equalizer,30.838,/vQaYOGkVr0TYeJcjFNOwmYj3tvA.jpg,False
7.2,Airplane!,1980-07-02,813,en,Airplane!,26.128,/hiURvJjCgk0s10urHVCg80TFF11.jpg,False
7.2,Harriet,2019-11-01,506528,en,Harriet,26.229,/rsUs58bDqpJJxZSOebZOMN9gzw2.jpg,False
7.2,The Willoughbys,2020-04-22,560044,en,The Willoughbys,25.229,/9WrMmjdZvpxLQh1tCQ9tOd1asOb.jpg,False
7.1,My Spy,2020-01-09,592834,en,My Spy,31.538,/n2C6jRK9PtPIs99RQhKtqGlsnsO.jpg,False
7.1,Aladdin,2019-05-22,420817,en,Aladdin,75.161,/3iYQTLGoy7QnjcUYRJy4YrAgGvp.jpg,False
7.1,Hereditary,2018-06-07,493922,en,Hereditary,28.158,/lHV8HHlhwNup2VbpiACtlKzaGIQ.jpg,False
7.1,A Beautiful Day in the Neighborhood,2019-09-07,501907,en,A Beautiful Day in the Neighborhood,26.04,/p9vCAVhDK375XyobVcKqzqzsUHE.jpg,False
7.1,John Wick: Chapter 2,2017-02-08,324552,en,John Wick: Chapter 2,35.28,/vn4vJSzAvkHeVp6TSnjppotoLqQ.jpg,False
7.1,Skyfall,2012-10-25,37724,en,Skyfall,25.431,/i3pzXFFLePz5hro9uaVk0E4ZPAO.jpg,False
7.1,Ant-Man,2015-07-14,102899,en,Ant-Man,29.939,/fddtVEUozxvLmehR5yGZjem44pD.jpg,False
7.1,Master and Commander: The Far Side of the World,2003-11-14,8619,en,Master and Commander: The Far Side of the World,24.153,/s1cVTQEZYn4nSjZLnFbzLP0j8y2.jpg,False
7.1,The Maze Runner,2014-09-10,198663,en,The Maze Runner,34.573,/ode14q7WtDugFDp78fo9lCsmay9.jpg,False
7.1,Uncut Gems,2019-11-14,473033,en,Uncut Gems,26.044,/6XN1vxHc7kUSqNWtaQKN45J5x2v.jpg,False
7.1,Maleficent,2014-05-28,102651,en,Maleficent,34.309,/ik8PugpL41s137RAWEGTAWu0dPo.jpg,False
7.1,Don't Let Go,2019-08-30,539651,en,Don't Let Go,29.996,/uNHueGo5TYCTLzoGULse65GC32Q.jpg,False
7.1,Doctor Sleep,2019-10-30,501170,en,Doctor Sleep,28.979,/p69QzIBbN06aTYqRRiCOY1emNBh.jpg,False
7.1,Bloodshot,2020-03-05,338762,en,Bloodshot,187.325,/8WUVHemHFH2ZIP6NWkwlHWsyrEL.jpg,False
7.1,The Invisible Man,2020-02-26,570670,en,The Invisible Man,82.342,/5EufsDwXdY2CVttYOk2WtYhgKpa.jpg,False
7.1,Men in Black,1997-07-02,607,en,Men in Black,27.272,/uLOmOF5IzWoyrgIF5MfUnh5pa1X.jpg,False
7.1,From Russia with Love,1963-10-11,657,en,From Russia with Love,24.838,/xTle7ThbHKQgQYKcyKZ02gfSYIe.jpg,False
7.1,Maze Runner: The Death Cure,2018-01-10,336843,en,Maze Runner: The Death Cure,25.557,/2zYfzA3TBwrMC8tfFbpiTLODde0.jpg,False
7.0,Brave,2012-06-21,62177,en,Brave,27.596,/fg57nIBn2xQw8JZKIX6AzMa3pEp.jpg,False
7.0,Midway,2019-11-06,522162,en,Midway,29.429,/hj8pyoNnynGeJTAbl7jcLZO8Uhx.jpg,False
7.0,Emma.,2020-02-13,556678,en,Emma.,32.737,/sm8iVzA7kRp0d4BSIsgXjsSBMKV.jpg,False
7.0,Dr. No,1962-10-07,646,en,Dr. No,25.45,/E0J8HxoDFA8f9TS5c6e6thsszz.jpg,False
7.0,Alita: Battle Angel,2019-01-31,399579,en,Alita: Battle Angel,34.646,/xRWht48C2V8XNfzvPehyClOvDni.jpg,False
7.0,Shazam!,2019-03-29,287947,en,Shazam!,28.837,/xnopI5Xtky18MPhK40cZAGAOVeV.jpg,False
7.0,Kingsman: The Golden Circle,2017-09-20,343668,en,Kingsman: The Golden Circle,24.643,/34xBL6BXNYFqtHO9zhcgoakS4aP.jpg,False
7.0,Ant-Man and the Wasp,2018-07-04,363088,en,Ant-Man and the Wasp,32.422,/eivQmS3wqzqnQWILHLc4FsEfcXP.jpg,False
7.0,Star Wars: The Last Jedi,2017-12-13,181808,en,Star Wars: The Last Jedi,47.718,/kOVEVeg59E0wsnXmF9nrh6OmWII.jpg,False
7.0,The Proposal,2009-06-01,18240,en,The Proposal,26.042,/3llEDAKXexgVpSqiK17BS4wtJhC.jpg,False
7.0,Captain Marvel,2019-03-06,299537,en,Captain Marvel,40.049,/AtsgWhDnHTq68L0lLsUrCnM7TjG.jpg,False
7.0,Pokémon Detective Pikachu,2019-05-03,447404,en,Pokémon Detective Pikachu,30.985,/wgQ7APnFpf1TuviKHXeEe3KnsTV.jpg,False
6.9,Ready or Not,2019-08-21,567609,en,Ready or Not,25.628,/vOl6shtL0wknjaIs6JdKCpcHvg8.jpg,False
6.9,Fantastic Beasts: The Crimes of Grindelwald,2018-11-14,338952,en,Fantastic Beasts: The Crimes of Grindelwald,25.547,/fMMrl8fD9gRCFJvsx0SuFwkEOop.jpg,False
6.9,Beauty and the Beast,2017-03-16,321612,en,Beauty and the Beast,33.332,/tWqifoYuwLETmmasnGHO7xBjEtt.jpg,False
6.9,Bad Education,2019-09-08,530723,en,Bad Education,25.886,/gizz5FphOtfSnLaGpRALOZgILd5.jpg,False
6.9,A Bug's Life,1998-11-25,9487,en,A Bug's Life,23.856,/Ah3J9OJVc2CNCuH2zMydXy9fmIC.jpg,False
6.9,Pitch Perfect 2,2015-05-07,254470,en,Pitch Perfect 2,28.472,/25gcRJC8EmCfVUiFv6rjN0zBSJM.jpg,False
6.9,The Mask,1994-07-29,854,en,The Mask,32.342,/yd3wjLLeQHJ3oRDy4wwiNNFVyLW.jpg,False
6.9,The Fate of the Furious,2017-04-12,337339,en,The Fate of the Furious,24.046,/dImWM7GJqryWJO9LHa3XQ8DD5NH.jpg,False
6.9,Bird Box,2018-12-13,405774,en,Bird Box,25.29,/rGfGfgL2pEPCfhIvqHXieXFn7gp.jpg,False
6.9,Top Gun,1986-05-16,744,en,Top Gun,52.017,/xUuHj3CgmZQ9P2cMaqQs4J0d4Zc.jpg,False
6.9,Ocean's Eight,2018-06-07,402900,en,Ocean's Eight,24.003,/MvYpKlpFukTivnlBhizGbkAe3v.jpg,False
6.9,Iron Man 3,2013-04-18,68721,en,Iron Man 3,37.33,/qhPtAc1TKbMPqNvcdXSOn9Bn7hZ.jpg,False
6.9,Jumanji: The Next Level,2019-12-04,512200,en,Jumanji: The Next Level,59.11,/jyw8VKYEiM1UDzPB7NsisUgBeJ8.jpg,False
6.9,"I, Robot",2004-07-15,2048,en,"I, Robot",32.459,/zDu0TsCZHPzDO0d0iG9QynKGr4J.jpg,False
6.8,Aquaman,2018-12-07,297802,en,Aquaman,26.98,/5Kg76ldv7VxeX9YlcQXiowHgdX6.jpg,False
6.8,Cars,2006-06-08,920,en,Cars,107.637,/qa6HCwP4Z15l3hpsASz3auugEW6.jpg,False
6.8,El Camino: A Breaking Bad Movie,2019-10-11,559969,en,El Camino: A Breaking Bad Movie,39.331,/ePXuKdXZuJx8hHMNr2yM4jY2L7Z.jpg,False
6.8,Jumanji: Welcome to the Jungle,2017-12-09,353486,en,Jumanji: Welcome to the Jungle,24.514,/22hqf97LadMvkd4zDi3Bq25xSqD.jpg,False
6.8,21 Bridges,2019-10-24,535292,en,21 Bridges,39.154,/b40ApfKDPoJYbWepUs7f09Y3fD.jpg,False
6.8,The Hitman's Bodyguard,2017-08-16,390043,en,The Hitman's Bodyguard,24.174,/5CGjlz2vyBhW5xHW4eNOZIdgzYq.jpg,False
6.8,GoldenEye,1995-11-16,710,en,GoldenEye,25.567,/z0ljRnNxIO7CRBhLEO0DvLgAFPR.jpg,False
6.8,Motherless Brooklyn,2019-10-31,504562,en,Motherless Brooklyn,24.128,/jjMJy5OxJHpFIaboCklDIYdcfpD.jpg,False
6.8,Cinderella,2015-03-12,150689,en,Cinderella,31.155,/iH4C837ZWm8IYqULL3PWyGKVtqY.jpg,False
6.8,The Hunger Games: Mockingjay - Part 1,2014-11-19,131631,en,The Hunger Games: Mockingjay - Part 1,63.275,/4FAA18ZIja70d1Tu5hr5cj2q1sB.jpg,False
6.8,Long Shot,2019-05-02,459992,en,Long Shot,23.907,/m2ttWZ8rMRwIMT7zA48Jo6mTkDS.jpg,False
6.8,Bombshell,2019-12-13,525661,en,Bombshell,29.022,/gbPfvwBqbiHpQkYZQvVwB6MVauV.jpg,False
6.8,Iron Man 2,2010-04-28,10138,en,Iron Man 2,32.722,/6WBeq4fCfn7AN0o21W9qNcRF2l9.jpg,False
6.8,It Chapter Two,2019-09-04,474350,en,It Chapter Two,46.246,/zfE0R94v1E8cuKAerbskfD3VfUt.jpg,False
6.8,Dolittle,2020-01-01,448119,en,Dolittle,70.919,/uoplwswBDy7gsOyrbGuKyPFoPCs.jpg,False
6.8,Last Moment of Clarity,2020-05-19,567608,en,Last Moment of Clarity,42.263,/kYHLJIu23bo0MWgUm7KMa1zNa5l.jpg,False
6.8,Sicario: Day of the Soldado,2018-06-27,400535,en,Sicario: Day of the Soldado,23.884,/msqWSQkU403cQKjQHnWLnugv7EY.jpg,False
6.8,Fast & Furious Presents: Hobbs & Shaw,2019-08-01,384018,en,Fast & Furious Presents: Hobbs & Shaw,46.205,/qRyy2UmjC5ur9bDi3kpNNRCc5nc.jpg,False
6.7,Bruce Almighty,2003-05-23,310,en,Bruce Almighty,28.486,/3XJKBKh9Km89EoUEitVTSnrlAkZ.jpg,False
6.7,Thor,2011-04-21,10195,en,Thor,35.123,/prSfAi1xGrhLQNxVSUFh61xQ4Qy.jpg,False
6.7,Maze Runner: The Scorch Trials,2015-09-09,294254,en,Maze Runner: The Scorch Trials,24.282,/mYw7ZyejqSCPFlrT2jHZOESZDU3.jpg,False
6.7,Spenser Confidential,2020-03-06,581600,en,Spenser Confidential,36.191,/fePczipv6ZzDO2uoww4vTAu2Sq3.jpg,False
6.7,Red Shoes and the Seven Dwarfs,2019-07-25,486589,en,Red Shoes and the Seven Dwarfs,26.695,/MBiKqTsouYqAACLYNDadsjhhC0.jpg,False
6.7,The Hunt,2020-03-11,514847,en,The Hunt,44.373,/wxPhn4ef1EAo5njxwBkAEVrlJJG.jpg,False
6.7,The Witch,2015-11-11,310131,en,The Witch,27.891,/o384OC1tCV8nCnozkM6y4MiSqsw.jpg,False
6.7,Star Trek Beyond,2016-07-07,188927,en,Star Trek Beyond,25.087,/yOnd3XQIg7JBmu0UuBjZyLdsxQD.jpg,False
6.7,Chappie,2015-03-04,198184,en,Chappie,30.237,/18IydtBgq8aJZpbP6NxCAGjHhae.jpg,False
6.7,The Wretched,2019-07-10,605804,en,The Wretched,26.257,/RCEEHj36F9zVBYJUhLdkTCzMsC.jpg,False
6.7,Venom,2018-09-28,335983,en,Venom,26.038,/2uNW4WbgBXL25BAbXGLnLqX71Sw.jpg,False
6.6,The Way Back,2020-03-05,529485,en,The Way Back,44.551,/ylPnfaphW3FrLBUVwAREVtiL9My.jpg,False
6.6,Solo: A Star Wars Story,2018-05-15,348350,en,Solo: A Star Wars Story,34.219,/4oD6VEccFkorEBTEDXtpLAaz0Rl.jpg,False
6.6,Inheritance,2020-05-15,602147,en,Inheritance,63.357,/l13mt3oHErSkkqJbN1bjzgtK0Vq.jpg,False
6.6,Valerian and the City of a Thousand Planets,2017-07-20,339964,en,Valerian and the City of a Thousand Planets,31.461,/jfIpMh79fGRqYJ6PwZLCntzgxlF.jpg,False
6.6,Thor: The Dark World,2013-10-29,76338,en,Thor: The Dark World,27.618,/54s3EKPVP4uIvKX4hj5X23ZbNYB.jpg,False
6.6,Bumblebee,2018-12-15,424783,en,Bumblebee,24.966,/fw02ONlDhrYjTSZV8XO6hhU3ds3.jpg,False
6.6,Charlie's Angels,2019-11-14,458897,en,Charlie's Angels,29.232,/1DPUFG6QnGqzpvEaDEv7TaepycM.jpg,False
6.6,Pirates of the Caribbean: Dead Men Tell No Tales,2017-05-23,166426,en,Pirates of the Caribbean: Dead Men Tell No Tales,26.756,/xbpSDU3p7YUGlu9Mr6Egg2Vweto.jpg,False
6.6,Rio,2011-04-03,46195,en,Rio,24.276,/6qCgledQWttNg3EKpts8RYes74r.jpg,False
6.6,Survive the Night,2020-05-22,686245,en,Survive the Night,100.954,/niyXFhGIk4W2WTcX2Eod8vx2Mfe.jpg,False
6.6,Jurassic World,2015-06-06,135397,en,Jurassic World,28.016,/2c0ajTi8nvrsYl5Oi1lVi6F0kd2.jpg,False
6.6,Glass,2019-01-16,450465,en,Glass,27.769,/svIDTNUoajS8dLEo7EosxvyAsgJ.jpg,False
6.6,The Lovebirds,2020-05-22,576156,en,The Lovebirds,77.553,/5jdLnvALCpK1NkeQU1z4YvOe2dZ.jpg,False
6.6,Den of Thieves,2018-01-18,449443,en,Den of Thieves,28.946,/AfybH6GbGFw1F9bcETe2yu25mIE.jpg,False
6.5,Star Wars: Episode II - Attack of the Clones,2002-05-15,1894,en,Star Wars: Episode II - Attack of the Clones,25.714,/oZNPzxqM2s5DyVWab09NTQScDQt.jpg,False
6.5,Escape From Pretoria,2020-03-06,502425,en,Escape From Pretoria,29.406,/8GGS0jkFFCnmdStvZED6NL6V7gd.jpg,False
6.5,Jurassic World: Fallen Kingdom,2018-06-06,351286,en,Jurassic World: Fallen Kingdom,37.752,/c9XxwwhPHdaImA2f1WEfEsbhaFB.jpg,False
6.5,Star Wars: Episode I - The Phantom Menace,1999-05-19,1893,en,Star Wars: Episode I - The Phantom Menace,26.13,/6wkfovpn7Eq8dYNKaG5PY3q2oq6.jpg,False
6.5,The Amazing Spider-Man,2012-06-23,1930,en,The Amazing Spider-Man,27.173,/jIfkQNARYyERqRAq1p1c8xgePp4.jpg,False
6.5,It Follows,2015-02-04,270303,en,It Follows,27.877,/kdxZZ04HFh98ZZBiTZNWHMexsGZ.jpg,False
6.5,Man of Steel,2013-06-12,49521,en,Man of Steel,28.181,/7rIPjn5TUK04O25ZkMyHrGNPgLx.jpg,False
6.5,X-Men: Apocalypse,2016-05-18,246655,en,X-Men: Apocalypse,28.303,/2mtQwJKVKQrZgTz49Dizb25eOQQ.jpg,False
6.5,King Arthur: Legend of the Sword,2017-05-10,274857,en,King Arthur: Legend of the Sword,26.836,/gvSWdJN7peehxJYOugV9IwqiAFi.jpg,False
6.5,Terminator: Dark Fate,2019-10-23,290859,en,Terminator: Dark Fate,42.328,/i8QWXu6dGuTKKerJtnd0A4lUpbv.jpg,False
6.5,Contagion,2011-09-08,39538,en,Contagion,32.221,/qL0IooP0bjXy0KXl9KEyPo22ll0.jpg,False
6.5,Star Wars: The Rise of Skywalker,2019-12-18,181812,en,Star Wars: The Rise of Skywalker,89.691,/db32LaOibwEliAmSL2jjDF6oDdj.jpg,False
6.5,Crash,1996-07-17,884,en,Crash,35.891,/prJlxxMZ4bbvefnDU4H6dSL3Fub.jpg,False
6.5,Spectre,2015-10-26,206647,en,Spectre,27.453,/672kUEMtTHcaVYSVY4eiHEliHFa.jpg,False
6.4,Guns Akimbo,2019-09-09,457335,en,Guns Akimbo,29.286,/2kNnf7BwRCEm4bcFkdiE0T4U25s.jpg,False
6.4,Kong: Skull Island,2017-03-08,293167,en,Kong: Skull Island,25.57,/r2517Vz9EhDhj88qwbDVj8DCRZN.jpg,False
6.4,Life,2017-03-22,395992,en,Life,28.353,/pNM3ASsU1IrN0SgGOBldHQ53iSb.jpg,False
6.4,Run All Night,2015-03-11,241554,en,Run All Night,23.754,/frzdzHceByAIlwVKvSvY9zqpjyV.jpg,False
6.4,War of the Worlds,2005-06-28,74,en,War of the Worlds,32.852,/6Biy7R9LfumYshur3YKhpj56MpB.jpg,False
6.4,Hustlers,2019-09-12,540901,en,Hustlers,28.111,/zBhv8rsLOfpFW2M5b6wW78Uoojs.jpg,False
6.4,Brahms: The Boy II,2020-02-20,555974,en,Brahms: The Boy II,27.613,/tIpGQ9uuII7QVFF0GHCFTJFfXve.jpg,False
6.4,Underwater,2020-01-08,443791,en,Underwater,72.467,/gzlbb3yeVISpQ3REd3Ga1scWGTU.jpg,False
6.4,Gretel & Hansel,2020-01-30,542224,en,Gretel & Hansel,26.225,/mBBBXseq4k4dI63k06XIrsc02j8.jpg,False
6.4,The Postcard Killings,2020-03-13,449756,en,The Postcard Killings,27.129,/iPOHjGttfXfPsqhhv6x0fv5rU1H.jpg,False
6.4,The Room,2019-09-12,582913,en,The Room,26.479,/bWyQwZziHh1DK9F59eqahZD8Upc.jpg,False
6.4,Prometheus,2012-05-30,70981,en,Prometheus,24.599,/qsYQflQhOuhDpQ0W2aOcwqgDAeI.jpg,False
6.3,6 Underground,2019-12-13,509967,en,6 Underground,29.835,/lnWkyG3LLgbbrIEeyl5mK5VRFe4.jpg,False
6.3,Godzilla: King of the Monsters,2019-05-29,373571,en,Godzilla: King of the Monsters,33.677,/pU3bnutJU91u3b4IeRPQTOP8jhV.jpg,False
6.3,Rampage,2018-04-12,427641,en,Rampage,24.9,/MGADip4thVSErP34FAAfzFBTZ5.jpg,False
6.3,Due Date,2010-11-04,41733,en,Due Date,24.325,/sBxWS09pOOyXZ0dcnqfqqCAQGan.jpg,False
6.3,Angel Has Fallen,2019-08-21,423204,en,Angel Has Fallen,25.921,/fapXd3v9qTcNBTm39ZC4KUVQDNf.jpg,False
6.3,Gemini Man,2019-10-02,453405,en,Gemini Man,31.131,/uTALxjQU8e1lhmNjP9nnJ3t2pRU.jpg,False
6.3,Insurgent,2015-03-18,262500,en,Insurgent,30.759,/dP5Fb6YRfzmCQtRbHOr2kO7tJW9.jpg,False
6.3,A Walk Among the Tombstones,2014-09-18,169917,en,A Walk Among the Tombstones,25.583,/bQTHTZezSudf27mMQtedHf1XpgO.jpg,False
6.3,Annihilation,2018-02-22,300668,en,Annihilation,24.742,/d3qcpfNwbAMCNqWDHzPQsUYiUgS.jpg,False
6.3,Atomic Blonde,2017-07-26,341013,en,Atomic Blonde,24.031,/kV9R5h0Yct1kR8Hf8sJ1nX0Vz4x.jpg,False
6.3,Men in Black II,2002-07-03,608,en,Men in Black II,26.672,/enA22EPyzc2WQ1VVyY7zxresQQr.jpg,False
6.3,Warcraft,2016-05-25,68735,en,Warcraft,26.759,/k3a41SS1q5xmbvzPvzTIfG7GDlp.jpg,False
6.3,The Lodge,2019-01-25,474764,en,The Lodge,57.372,/yake2myhbW7c6dKbmwYDy1i40bm.jpg,False
6.3,X-Men: Production Scrapbook,2003-11-02,81946,en,X-Men: Production Scrapbook,26.866,,False
6.3,Dracula Untold,2014-10-01,49017,en,Dracula Untold,37.348,/m5h3NtZ2ZfryIHl1MvatmANvIqQ.jpg,False
6.3,Tomb Raider,2018-03-05,338970,en,Tomb Raider,24.086,/ePyN2nX9t8SOl70eRW47Q29zUFO.jpg,False
6.2,Justice League,2017-11-15,141052,en,Justice League,55.098,/eifGNCSDuxJeS1loAXil5bIGgvC.jpg,False
6.2,Tomorrowland,2015-05-19,158852,en,Tomorrowland,24.404,/jNB2zXgLG8D98X1kYwERVlrW3Oa.jpg,False
6.2,The World Is Not Enough,1999-11-17,36643,en,The World Is Not Enough,23.619,/bc1MIdWr8Y9RsfD9Qq7932prh5v.jpg,False
6.2,The Incredible Hulk,2008-06-12,1724,en,The Incredible Hulk,26.114,/vcFeElC8eXI668WSIxcDNkJSBxv.jpg,False
6.2,Spider-Man 3,2007-05-01,559,en,Spider-Man 3,23.793,/sqZKCRYGovZ8aN99VVJSdL8Ja9k.jpg,False
6.2,Fantasy Island,2020-02-12,539537,en,Fantasy Island,36.133,/8ZMrZGGW65ePWIgRn1260nA1uUm.jpg,False
6.2,Color Out of Space,2020-01-24,548473,en,Color Out of Space,23.898,/vkwgzCBBiY3C1XEy0WakYfMOvnG.jpg,False
6.2,True History of the Kelly Gang,2020-01-09,501395,en,True History of the Kelly Gang,32.748,/uZF4BZe45icLx7XVFUFnmLEemNm.jpg,False
6.2,Taken 3,2014-12-16,260346,en,Taken 3,27.741,/4TOCAmmcqmLKP31mKYVIiJTje0S.jpg,False
6.2,Jason Bourne,2016-07-27,324668,en,Jason Bourne,27.395,/xA7N41glw17MBQtcWSm2eBlBRuG.jpg,False
6.2,Code 8,2019-12-06,461130,en,Code 8,25.678,/izGX7npHEopDQvngYcxMJEfcFbj.jpg,False
6.2,Rambo: Last Blood,2019-09-19,522938,en,Rambo: Last Blood,26.519,/kTQ3J8oTTKofAVLYnds2cHUz9KO.jpg,False
6.2,Night at the Museum: Secret of the Tomb,2014-12-17,181533,en,Night at the Museum: Secret of the Tomb,26.291,/ipZlg4EVo4kj2TjiR0hfSYdEzbd.jpg,False
6.2,Days of Thunder,1990-06-27,2119,en,Days of Thunder,24.513,/2xfP227oLToQjBCUg3FI18pWh3G.jpg,False
6.1,Twilight,2008-11-20,8966,en,Twilight,28.391,/3Rr0cXFjJ7GVvtaQKmFSMXHG9yr.jpg,False
6.1,San Andreas,2015-05-27,254128,en,San Andreas,25.705,/2Gfjn962aaFSD6eST6QU3oLDZTo.jpg,False
6.1,The Expendables,2010-08-03,27578,en,The Expendables,26.807,/8tb3x0rYBGkgOTh1dCXPpmikp1V.jpg,False
6.1,Jack Ryan: Shadow Recruit,2014-01-15,137094,en,Jack Ryan: Shadow Recruit,26.548,/m7HcLUodrD4lM4s0Hui1tzO2pjO.jpg,False
6.1,The Wrong Missy,2020-05-13,582596,en,The Wrong Missy,92.566,/A2YlIrzypvhS3vTFMcDkG3xLvac.jpg,False
6.0,Ad Astra,2019-09-17,419704,en,Ad Astra,635.993,/xBHvZcjRiWyobQ9kxBhO6B2dtRI.jpg,False
6.0,Transformers: The Last Knight,2017-06-16,335988,en,Transformers: The Last Knight,23.576,/s5HQf2Gb3lIO2cRcFwNL9sn1o1o.jpg,False
6.0,Dark Phoenix,2019-06-05,320288,en,Dark Phoenix,43.881,/cCTJPelKGLhALq3r51A9uMonxKj.jpg,False
6.0,The Meg,2018-08-09,345940,en,The Meg,25.175,/xqECHNvzbDL5I3iiOVUkVPJMSbc.jpg,False
6.0,Ghost in the Shell,2017-03-29,315837,en,Ghost in the Shell,25.25,/myRzRzCxdfUWjkJWgpHHZ1oGkJd.jpg,False
6.0,Men in Black: International,2019-06-12,479455,en,Men in Black: International,25.501,/dPrUPFcgLfNbmDL8V69vcrTyEfb.jpg,False
6.0,Alien Resurrection,1997-11-12,8078,en,Alien Resurrection,28.987,/rKieU3TLipKPmC4yXmsiHBRLnMG.jpg,False
6.0,Death Wish,2018-03-02,395990,en,Death Wish,28.549,/g0eEEZAqMf98ULQnoiORuazjOpn.jpg,False
5.9,Pacific Rim: Uprising,2018-03-21,268896,en,Pacific Rim: Uprising,28.538,/v5HlmJK9bdeHxN2QhaFP1ivjX3U.jpg,False
5.9,Ice Age: Collision Course,2016-06-23,278154,en,Ice Age: Collision Course,23.603,/1VCRVaBObV3ZLDuuYQHCs87NBmi.jpg,False
5.9,Terminator Genisys,2015-06-23,87101,en,Terminator Genisys,38.764,/oZRVDpNtmHk8M1VYy1aeOWUXgbC.jpg,False
5.9,Lying and Stealing,2019-07-12,509874,en,Lying and Stealing,28.902,/1kghaV5pWdrv9MDusDlizYTPFAc.jpg,False
5.9,Teenage Mutant Ninja Turtles,2014-08-07,98566,en,Teenage Mutant Ninja Turtles,35.852,/c1E7q1SqNQjWEFdjaNfcdQhM5ou.jpg,False
5.9,Alien: Covenant,2017-05-09,126889,en,Alien: Covenant,33.019,/zecMELPbU5YMQpC81Z8ImaaXuf9.jpg,False
5.8,Love Wedding Repeat,2020-04-10,624808,en,Love Wedding Repeat,38.278,/zn7feouGPU8sELez4qvpp0EtgeQ.jpg,False
5.8,Vivarium,2019-07-12,458305,en,Vivarium,35.441,/myf3qzpeN0JbuFRPwSpJcz7rmAT.jpg,False
5.8,The Turning,2020-01-23,492611,en,The Turning,24.709,/uiMHiHp9eAjJty8rddoUnL9G5fU.jpg,False
5.8,The Night Clerk,2020-02-19,526007,en,The Night Clerk,43.663,/hPWjid7yMatyIDHvku7lCMN7zSi.jpg,False
5.8,Batman v Superman: Dawn of Justice,2016-03-23,209112,en,Batman v Superman: Dawn of Justice,31.797,/5UsK3grJvtQrtzEgqNlDljJW96w.jpg,False
5.8,How to Build a Girl,2020-05-08,572299,en,How to Build a Girl,24.488,/zqD8bMeNIKJLp0SSkh9gmkusO4X.jpg,False
5.8,Clash of the Titans,2010-04-01,18823,en,Clash of the Titans,25.091,/nzaolaRSo8ZIGjxnX89PEnpROae.jpg,False
5.7,Battleship,2012-04-11,44833,en,Battleship,33.681,/9b0Im7SfedHiajTwzSL9zGyBI7M.jpg,False
5.7,Proximity,2020-05-15,693158,en,Proximity,26.275,/yYio7FY9fDsH2DF9utAbK0J94Lc.jpg,False
5.7,The Grudge,2020-01-02,465086,en,The Grudge,26.072,/vN7JHlHOT9rHNDU27tfYqhABBj5.jpg,False
5.6,The Rhythm Section,2020-01-31,466622,en,The Rhythm Section,25.78,/spTr0VYyRtl36Lkk6nCnnbFXhus.jpg,False
5.5,Cold Pursuit,2019-02-07,438650,en,Cold Pursuit,27.039,/hXgmWPd1SuujRZ4QnKLzrj79PAw.jpg,False
5.5,Wild Card,2015-01-14,265208,en,Wild Card,32.318,/zN80Tlly8oMpKbVJv2TfRIj8dHG.jpg,False
5.4,Capone,2020-05-12,429422,en,Capone,52.219,/75gDv38UgRtAukSxNXcjatyQmEa.jpg,False
5.2,Jocks,1986-11-14,67693,en,Jocks,41.787,/tgjpxqrugdbnADyKGvo65kySaBL.jpg,False
5.1,Independence Day: Resurgence,2016-06-22,47933,en,Independence Day: Resurgence,25.76,/jzpvh0Ic7jL9GX4NLE1Tx2GUCrN.jpg,False
4.8,Broil,2020-05-20,669770,en,Broil,25.164,/fcNbQWAb9DVsL9U9dX4TYi3Ci9L.jpg,False
4.6,Blood and Money,2020-05-15,691812,en,Allagash,36.163,/st4n0FALlo0twLkSqxAvU15SKvU.jpg,False
4.4,Cats,2019-12-19,536869,en,Cats,30.468,/aCNch5FmzT2WaUcY44925owIZXY.jpg,False
0.0,Kajillionaire,2020-06-19,541305,en,Kajillionaire,29.048,/vzIhsSq3WGtNcTIBUkQL2SflTaF.jpg,False
0.0,Anita,2020-12-31,323144,en,Anita,23.738,,False
0.0,Tenet,2020-07-15,577922,en,Tenet,32.584,/k68nPLbIST6NP96JmTxmZijEvCA.jpg,False
0.0,Superintelligence,2020-12-31,521007,en,Superintelligence,25.867,,False
