vote_average,Film,release_date,id,original_language,original_title,popularity,poster_path,video
9,The Insurrection,5/4/2020,702534,en,The Insurrection,28.645,/2XvsAalpQ65dsmtWcYv9NxdAkGl.jpg,FALSE
8.7,The Shawshank Redemption,9/23/1994,278,en,The Shawshank Redemption,40.718,/5KCVkau1HEl7ZzfPsKAPM0sMiKc.jpg,FALSE
8.7,The Godfather,3/14/1972,238,en,The Godfather,36.775,/iVZ3JAcAjmguGPnRNfWFOtLHOuY.jpg,FALSE
8.6,The Godfather: Part II,12/20/1974,240,en,The Godfather: Part II,24.46,/amvmeQWheahG3StKwIE1f7jRnkZ.jpg,FALSE
8.6,Schindler's List,11/30/1993,424,en,Schindler's List,28.013,/c8Ass7acuOe4za6DhSattE359gr.jpg,FALSE
8.5,The Green Mile,12/10/1999,497,en,The Green Mile,26.084,/velWPhVMQeQKcxggNEU8YmIo52R.jpg,FALSE
8.5,Pulp Fiction,9/10/1994,680,en,Pulp Fiction,38.138,/d5iIlFn5s0ImszYzBPb8JPIfbXD.jpg,FALSE
8.5,Justice League Dark: Apokolips War,5/5/2020,618344,en,Justice League Dark: Apokolips War,95.355,/c01Y4suApJ1Wic2xLmaq1QYcfoZ.jpg,FALSE
8.4,Spider-Man: Into the Spider-Verse,12/6/2018,324857,en,Spider-Man: Into the Spider-Verse,35.803,/iiZZdoQBEYBv6id8su7ImL0oCbD.jpg,FALSE
8.4,The Lord of the Rings: The Return of the King,12/1/2003,122,en,The Lord of the Rings: The Return of the King,35.723,/rCzpDGLbOoPwLjy3OAm5NUPOTrC.jpg,FALSE
8.4,Fight Club,10/15/1999,550,en,Fight Club,32.85,/bptfVGEQuv6vDTIMVCHjJ9Dz8PX.jpg,FALSE
8.4,Forrest Gump,7/6/1994,13,en,Forrest Gump,32.527,/clolk7rB5lAjs41SD0Vt6IXYLMm.jpg,FALSE
8.4,Psycho,6/22/1960,539,en,Psycho,28.734,/81d8oyEFgj7FlxJqSDXWr8JH8kV.jpg,FALSE
8.4,The Dark Knight,7/16/2008,155,en,The Dark Knight,47.31,/uOYWdGpymxSgPMkHo3SgINpWUgk.jpg,FALSE
8.4,Whiplash,10/10/2014,244786,en,Whiplash,30.909,/qq8xf2SQqHifUUyc0k6Hj1065f1.jpg,FALSE
8.4,The Empire Strikes Back,5/20/1980,1891,en,The Empire Strikes Back,29.517,/7BuH8itoSrLExs2YZSsM01Qk2no.jpg,FALSE
8.3,LÃ©on: The Professional,9/14/1994,101,en,LÃ©on: The Professional,31.525,/gbw7Tm7SUyiTMhI2B8yHk4OcT9I.jpg,FALSE
8.3,Back to the Future,7/3/1985,105,en,Back to the Future,31.141,/7lyBcpYB0Qt8gYhXYaEZUNlNQAv.jpg,FALSE
8.3,Se7en,9/22/1995,807,en,Se7en,35.952,/6yoghtyTpznpBik8EngEmJskVUO.jpg,FALSE
8.3,Call Me by Your Name,9/1/2017,398818,en,Call Me by Your Name,30.295,/tcNniniS4rfqrLH0oORikJfnIwY.jpg,FALSE
8.3,Avengers: Endgame,4/24/2019,299534,en,Avengers: Endgame,44.48,/or06FN3Dka5tukK1e9sl16pB3iy.jpg,FALSE
8.3,The Lord of the Rings: The Fellowship of the Ring,12/18/2001,120,en,The Lord of the Rings: The Fellowship of the Ring,43.848,/6oom5QYQ2yQTMJIbnvbkBL9cHo6.jpg,FALSE
8.3,Interstellar,11/5/2014,157336,en,Interstellar,63.353,/gEU2QniE6E77NI6lCU6MxlNBvIx.jpg,FALSE
8.3,The Lord of the Rings: The Two Towers,12/18/2002,121,en,The Lord of the Rings: The Two Towers,28.462,/5VTN0pR8gcqV3EPUHHfMGnJYN9L.jpg,FALSE
8.3,Green Book,11/16/2018,490132,en,Green Book,27.122,/7BsvSuDQuoqhWmU2fL7W2GOcZHU.jpg,FALSE
8.3,Inception,7/15/2010,27205,en,Inception,96.345,/9gk7adHYeDvHkCSEqAvQNLV5Uge.jpg,FALSE
8.3,Avengers: Infinity War,4/25/2018,299536,en,Avengers: Infinity War,75.083,/7WsyChQLEftFiDOVTGkv3hFpyyt.jpg,FALSE
8.2,Reservoir Dogs,9/2/1992,500,en,Reservoir Dogs,24.669,/g7spS2Y4SZoQoC6Hn7zoqEqdYqR.jpg,FALSE
8.2,Joker,10/2/2019,475557,en,Joker,86.14,/udDclJoHjfjb8Ekgsd4FDteOkCU.jpg,FALSE
8.2,Memento,10/11/2000,77,en,Memento,25.697,/uprP8rtOgMYJQ2h3ldDFvGsaBgH.jpg,FALSE
8.2,Taxi Driver,2/9/1976,103,en,Taxi Driver,23.96,/ekstpH614fwDX8DUln1a2Opz0N8.jpg,FALSE
8.2,Coco,10/27/2017,354912,en,Coco,36.05,/eKi8dIrr8voobbaGzDpe8w0PVbC.jpg,FALSE
8.2,The Shining,5/23/1980,694,en,The Shining,34.82,/b6ko0IKC8MdYBBPkkA1aBPLe2yz.jpg,FALSE
8.2,Inglourious Basterds,8/18/2009,16869,en,Inglourious Basterds,25.066,/jTLuJbn90WrKFDQSqnRm0b42r8t.jpg,FALSE
8.2,Star Wars,5/25/1977,11,en,Star Wars,63.871,/6FfCtAuVAW8XJjZ7eWeLibRLWTw.jpg,FALSE
8.2,Gladiator,5/1/2000,98,en,Gladiator,38.282,/hY0z0HghtolIKAy6wpRDEDkvWzL.jpg,FALSE
8.1,The Matrix,3/30/1999,603,en,The Matrix,40.759,/f89U3ADr1oiB1s9GkdPOEpXUk5H.jpg,FALSE
8.1,Lion,1/20/2016,334543,en,Lion,26.899,/iBGRbLvg6kVc7wbS8wDdVHq6otm.jpg,FALSE
8.1,The Imitation Game,11/14/2014,205596,en,The Imitation Game,29.181,/zSqJ1qFq8NXFfi7JeIYMlzyR0dx.jpg,FALSE
8.1,Scoob!,5/15/2020,385103,en,Scoob!,214.004,/zG2l9Svw4PTldWJAzC171Y3d6G8.jpg,FALSE
8.1,Hacksaw Ridge,10/7/2016,324786,en,Hacksaw Ridge,26.693,/vVJRemwt0WyqnwLMIAaa2FNZBME.jpg,FALSE
8.1,Jojo Rabbit,10/18/2019,515001,en,Jojo Rabbit,79.536,/7GsM4mtM0worCtIVeiQt28HieeN.jpg,FALSE
8.1,Saving Private Ryan,7/24/1998,857,en,Saving Private Ryan,27.553,/JC8KQ2BXaAIFEU8zEuakiwUQSr.jpg,FALSE
8.1,2001: A Space Odyssey,4/9/1968,62,en,2001: A Space Odyssey,30.186,/zmmYdPa8Lxx999Af9vnVP4XQ1V6.jpg,FALSE
8.1,Scarface,12/8/1983,111,en,Scarface,23.599,/nGY6NnlDsWaRKAycWUgXanqLxia.jpg,FALSE
8.1,Alien,5/25/1979,348,en,Alien,35.183,/vfrQk5IPloGg1v9Rzbh2Eg3VGyM.jpg,FALSE
8.1,Harry Potter and the Deathly Hallows: Part 2,7/7/2011,12445,en,Harry Potter and the Deathly Hallows: Part 2,42.472,/c54HpQmuwXjHq2C9wmoACjxoom3.jpg,FALSE
8.1,Shutter Island,2/14/2010,11324,en,Shutter Island,26.08,/kve20tXwUZpu4GUX8l6X7Z4jmL6.jpg,FALSE
8,Harry Potter and the Prisoner of Azkaban,5/31/2004,673,en,Harry Potter and the Prisoner of Azkaban,38.438,/uDQibffYgssdiqx7izO57wdLc6.jpg,FALSE
8,WALL·E,6/22/2008,10681,en,WALLÂ·E,26.947,/3g8vyePqVatTaUSnrNnrrwguhxM.jpg,FALSE
8,The Greatest Showman,12/20/2017,316029,en,The Greatest Showman,24.813,/b9CeobiihCx1uG1tpw8hXmpi7nm.jpg,FALSE
8,Hidden Figures,12/10/2016,381284,en,Hidden Figures,24.386,/9lfz2W2uGjyow3am00rsPJ8iOyq.jpg,FALSE
8,Kill Bill: Vol. 1,10/10/2003,24,en,Kill Bill: Vol. 1,25.625,/v7TaX8kXMXs5yFFGR41guUDNcnB.jpg,FALSE
8,Bohemian Rhapsody,10/24/2018,424694,en,Bohemian Rhapsody,32.365,/lHu1wtNaczFPGFDTrjCSzeLPTKN.jpg,FALSE
8,Return of the Jedi,5/25/1983,1892,en,Return of the Jedi,23.766,/mDCBQNhR6R0PVFucJl0O4Hp5klZ.jpg,FALSE
8,The Thing,6/25/1982,1091,en,The Thing,25.247,/tzGY49kseSE9QAKk47uuDGwnSCu.jpg,FALSE
8,American Beauty,9/15/1999,14,en,American Beauty,30.688,/wby9315QzVKdW9BonAefg8jGTTb.jpg,FALSE
8,Terminator 2: Judgment Day,7/3/1991,280,en,Terminator 2: Judgment Day,29.734,/5M0j0B18abtBI5gi2RhfjjurTqb.jpg,FALSE
7.9,Gone Girl,10/1/2014,210577,en,Gone Girl,38.169,/tQf4DUygWo64AOuqgk4jEDCE3Ws.jpg,FALSE
7.9,Inside Out,6/9/2015,150540,en,Inside Out,38.798,/2H1TmgdfNtsKlU9jKdeNyYL5y8T.jpg,FALSE
7.9,Toy Story,10/30/1995,862,en,Toy Story,30.637,/uXDfjJbdP4ijW5hWSBrPrlKpxab.jpg,FALSE
7.9,Little Women,12/25/2019,331482,en,Little Women,33.94,/yn5ihODtZ7ofn8pDYfxCmxh8AXI.jpg,FALSE
7.9,La La Land,11/29/2016,313369,en,La La Land,28.72,/q0dsNZOuSKzAdZod9ohPXJ4GQUs.jpg,FALSE
7.9,Raiders of the Lost Ark,6/12/1981,85,en,Raiders of the Lost Ark,27.756,/awUGN7ZCNq2EUTdpVaHDX23anOZ.jpg,FALSE
7.9,Guardians of the Galaxy,7/30/2014,118340,en,Guardians of the Galaxy,27.68,/r7vmZjiyZw9rpJMQJdXpjgiCOk9.jpg,FALSE
7.9,Kill Bill: Vol. 2,4/16/2004,393,en,Kill Bill: Vol. 2,27.334,/2yhg0mZQMhDyvUQ4rG1IZ4oIA8L.jpg,FALSE
7.9,Her,12/18/2013,152601,en,Her,25.814,/yk4J4aewWYNiBhD49WD7UaBBn37.jpg,FALSE
7.9,No Country for Old Men,11/8/2007,6977,en,No Country for Old Men,26.398,/6d5XOczc226jECq0LIX0siKtgHR.jpg,FALSE
7.9,Braveheart,5/24/1995,197,en,Braveheart,30.472,/or1gBugydmjToAEq7OZY0owwFk.jpg,FALSE
7.9,Blade Runner,6/25/1982,78,en,Blade Runner,32.732,/vfzE3pjE5G7G7kcZWrA3fnbZo7V.jpg,FALSE
7.9,Harry Potter and the Philosopher's Stone,11/16/2001,671,en,Harry Potter and the Philosopher's Stone,67.835,/wuMc08IPKEatf9rnMNXvIDxqP4W.jpg,FALSE
7.9,1917,12/25/2019,530915,en,1917,120.989,/iZf0KyrE25z1sage4SYFLCCrMi9.jpg,FALSE
7.9,Ford v Ferrari,11/13/2019,359724,en,Ford v Ferrari,44.571,/6ApDtO7xaWAfPqfi2IARXIzj8QS.jpg,FALSE
7.9,Onward,2/29/2020,508439,en,Onward,90.886,/f4aul3FyD3jv3v4bul1IrkWZvzq.jpg,FALSE
7.9,Marriage Story,11/6/2019,492188,en,Marriage Story,24.514,/pZekG6xabTmZxjmYw10wN84Hp8d.jpg,FALSE
7.8,To All the Boys I've Loved Before,8/16/2018,466282,en,To All the Boys I've Loved Before,24.284,/hKHZhUbIyUAjcSrqJThFGYIR6kI.jpg,FALSE
7.8,"Monsters, Inc.",11/1/2001,585,en,"Monsters, Inc.",24.796,/sgheSKxZkttIe8ONsf2sWXPgip3.jpg,FALSE
7.8,Knives Out,11/27/2019,546554,en,Knives Out,59.275,/pThyQovXQrw2m0s9x82twj48Jq4.jpg,FALSE
7.8,Harry Potter and the Goblet of Fire,11/16/2005,674,en,Harry Potter and the Goblet of Fire,31.879,/fECBtHlr0RB3foNHDiCBXeg9Bv9.jpg,FALSE
7.8,Logan,2/28/2017,263115,en,Logan,35.701,/fnbjcRDYn6YviCcePDnGdyAkYsB.jpg,FALSE
7.8,Donnie Darko,1/18/2001,141,en,Donnie Darko,28.351,/fhQoQfejY1hUcwyuLgpBrYs6uFt.jpg,FALSE
7.8,Titanic,11/18/1997,597,en,Titanic,34.386,/9xjZS2rlVxm8SFx8kPC3aIGCOYQ.jpg,FALSE
7.8,Finding Nemo,5/30/2003,12,en,Finding Nemo,26.789,/xVNSgrsvpcAHPnyKf2phYxyppNZ.jpg,FALSE
7.8,Indiana Jones and the Last Crusade,5/24/1989,89,en,Indiana Jones and the Last Crusade,24.239,/sizg1AU8f8JDZX4QIgE4pjUMBvx.jpg,FALSE
7.8,Big Hero 6,10/24/2014,177572,en,Big Hero 6,34.86,/xozrGME58olN1xBhtxmjpOoY0jH.jpg,FALSE
7.8,Harry Potter and the Deathly Hallows: Part 1,10/17/2010,12444,en,Harry Potter and the Deathly Hallows: Part 1,34.118,/iGoXIpQb7Pot00EEdwpwPajheZ5.jpg,FALSE
7.7,Harry Potter and the Order of the Phoenix,6/28/2007,675,en,Harry Potter and the Order of the Phoenix,33.576,/g6n8G0xPnBVUIKKK41sNmbZB5h4.jpg,FALSE
7.7,Harry Potter and the Half-Blood Prince,7/7/2009,767,en,Harry Potter and the Half-Blood Prince,35.194,/Ag21otqbeynZPGjEbzyr3X5Us0j.jpg,FALSE
7.7,Zootopia,2/11/2016,269149,en,Zootopia,46.497,/hlK0e0wAQ3VLuJcsfIYPvb4JVud.jpg,FALSE
7.7,How to Train Your Dragon 2,6/9/2014,82702,en,How to Train Your Dragon 2,25.212,/d13Uj86LdbDLrfDoHR5aDOFYyJC.jpg,FALSE
7.7,The Gentlemen,1/1/2020,522627,en,The Gentlemen,45.672,/jtrhTYB7xSrJxR1vusu99nvnZ1g.jpg,FALSE
7.7,Pirates of the Caribbean: The Curse of the Black Pearl,7/9/2003,22,en,Pirates of the Caribbean: The Curse of the Black Pearl,32.645,/z8onk7LV9Mmw6zKz4hT6pzzvmvl.jpg,FALSE
7.7,The Martian,9/30/2015,286217,en,The Martian,36.15,/5BHuvQ6p9kfc091Z8RiFNhCwL4b.jpg,FALSE
7.7,Spies in Disguise,12/4/2019,431693,en,Spies in Disguise,41.491,/30YacPAcxpNemhhwX0PVUl9pVA3.jpg,FALSE
7.7,The Dark Knight Rises,7/16/2012,49026,en,The Dark Knight Rises,30.776,/85cWkCVftiVs0BVey6pxX8uNmLt.jpg,FALSE
7.7,Batman Begins,6/10/2005,272,en,Batman Begins,28.684,/1P3ZyEq02wcTMd3iE4ebtLvncvH.jpg,FALSE
7.7,Harry Potter and the Chamber of Secrets,11/13/2002,672,en,Harry Potter and the Chamber of Secrets,43.264,/sdEOH0992YZ0QSxgXNIGLq1ToUi.jpg,FALSE
7.7,The Hateful Eight,12/25/2015,273248,en,The Hateful Eight,26.217,/nZeKw2oDiODgnht9OrohB2jBhjq.jpg,FALSE
7.7,How to Train Your Dragon: The Hidden World,1/3/2019,166428,en,How to Train Your Dragon: The Hidden World,26.694,/xvx4Yhf0DVH8G4LzNISpMfFBDy2.jpg,FALSE
7.7,Nightcrawler,10/23/2014,242582,en,Nightcrawler,28.833,/j9HrX8f7GbZQm1BrBiR40uFQZSb.jpg,FALSE
7.7,Die Hard,7/15/1988,562,en,Die Hard,28.924,/aJCpHDC6RoGz7d1Fzayl019xnxX.jpg,FALSE
7.7,Rush,9/2/2013,96721,en,Rush,34.174,/uWcMgxO3p3qwVFUxsRz1HbTzGvT.jpg,FALSE
7.7,The Avengers,4/25/2012,24428,en,The Avengers,67.179,/RYMX2wcKCBAr24UyPD7xwmjaTn.jpg,FALSE
7.7,The Irishman,11/1/2019,398978,en,The Irishman,30.005,/mbm8k3GFhXS0ROd9AD1gqYbIFbM.jpg,FALSE
7.6,The Lighthouse,10/18/2019,503919,en,The Lighthouse,32.771,/3nk9UoepYmv1G9oP18q6JJCeYwN.jpg,FALSE
7.6,Thor: Ragnarok,10/25/2017,284053,en,Thor: Ragnarok,46.61,/rzRwTcFvttcN1ZpX2xv4j3tSdJu.jpg,FALSE
7.6,Iron Man,4/30/2008,1726,en,Iron Man,47.997,/78lPtwv72eTNqFW9COBYI0dWDJa.jpg,FALSE
7.6,Kingsman: The Secret Service,12/13/2014,207703,en,Kingsman: The Secret Service,25.138,/hz46qOLJpDZ3lxVAAPTVpStpD2u.jpg,FALSE
7.6,Deadpool,2/9/2016,293660,en,Deadpool,33.19,/yGSxMiF0cYuAiyuve5DA6bnWEOI.jpg,FALSE
7.6,Shrek,5/18/2001,808,en,Shrek,27.705,/o04jZs5SXhbvhqO4981W7KJXOWZ.jpg,FALSE
7.6,Edge of Tomorrow,5/27/2014,137113,en,Edge of Tomorrow,26.393,/uUHvlkLavotfGsNtosDy8ShsIYF.jpg,FALSE
7.6,Cast Away,12/22/2000,8358,en,Cast Away,25.101,/epQDVKTf0tol6LhGGY5iYxpw1ne.jpg,FALSE
7.6,The Hobbit: The Desolation of Smaug,12/11/2013,57158,en,The Hobbit: The Desolation of Smaug,26.254,/ckAJAtGcIrXy90wUuIdCmLCzkPW.jpg,FALSE
7.6,Toy Story 4,6/19/2019,301528,en,Toy Story 4,33.689,/w9kR8qbmQ01HwnvK4alvnQ2ca0L.jpg,FALSE
7.6,The Farewell,7/12/2019,565310,en,The Farewell,30.464,/7ht2IMGynDSVQGvAXhAb83DLET8.jpg,FALSE
7.6,Trolls World Tour,3/12/2020,446893,en,Trolls World Tour,47.876,/7W0G3YECgDAfnuiHG91r8WqgIOe.jpg,FALSE
7.6,Ready Player One,3/28/2018,333339,en,Ready Player One,30.438,/pU1ULUq8D3iRxl1fdX2lZIzdHuI.jpg,FALSE
7.6,Guardians of the Galaxy Vol. 2,4/19/2017,283995,en,Guardians of the Galaxy Vol. 2,37.334,/y4MBh0EjBlMuOzv9axM4qJlmhzz.jpg,FALSE
7.6,Ex Machina,1/16/2015,264660,en,Ex Machina,23.87,/9goPE2IoMIXxTLWzl7aizwuIiLh.jpg,FALSE
7.5,Incredibles 2,6/14/2018,260513,en,Incredibles 2,33.037,/9lFKBtaVIhP7E2Pk0IY1CwTKTMZ.jpg,FALSE
7.5,E.T. the Extra-Terrestrial,6/11/1982,601,en,E.T. the Extra-Terrestrial,26.219,/cNlhcOAjJZmvI20G08wdnvxs0EK.jpg,FALSE
7.5,Deadpool 2,5/10/2018,383498,en,Deadpool 2,41.609,/to0spRl1CMDvyUbOnbb4fTk3VAd.jpg,FALSE
7.5,Once Upon a Time in Hollywood,7/25/2019,466272,en,Once Upon a Timeâ€¦ in Hollywood,51.458,/8j58iEBw9pOXFD2L0nt0ZXeHviB.jpg,FALSE
7.5,Drive,8/6/2011,64690,en,Drive,24.288,/602vevIURmpDfzbnv5Ubi6wIkQm.jpg,FALSE
7.5,The Fifth Element,5/2/1997,18,en,The Fifth Element,30.501,/fPtlCO1yQtnoLHOwKtWz7db6RGU.jpg,FALSE
7.5,The Curious Case of Benjamin Button,12/25/2008,4922,en,The Curious Case of Benjamin Button,24.659,/9H2awZmNisMVJGp362Stv0bfUTs.jpg,FALSE
7.5,Casino Royale,11/14/2006,36557,en,Casino Royale,27.839,/ta2BX3THwYXytWuVVozaT0NsMM8.jpg,FALSE
7.5,Birdman or (The Unexpected Virtue of Ignorance),8/27/2014,194662,en,Birdman or (The Unexpected Virtue of Ignorance),35.458,/lvWL5ZRlYFh7M7fOvYswcRqyprI.jpg,FALSE
7.5,Extraction,4/24/2020,545609,en,Extraction,103.958,/wlfDxbGEsW58vGhFljKkcR5IxDj.jpg,FALSE
7.5,Spider-Man: Far from Home,6/28/2019,429617,en,Spider-Man: Far from Home,57.902,/4q2NNj4S5dG2RLF9CpXsej7yXl.jpg,FALSE
7.5,A Star Is Born,10/3/2018,332562,en,A Star Is Born,33.514,/wrFpXMNBRj2PBiN4Z5kix51XaIZ.jpg,FALSE
7.5,X-Men: Days of Future Past,5/15/2014,127585,en,X-Men: Days of Future Past,23.592,/bvN8iUpHyBIvniUk4e52SUZMA7Z.jpg,FALSE
7.5,Rogue One: A Star Wars Story,12/14/2016,330459,en,Rogue One: A Star Wars Story,27.746,/5jX3p0apUG5bkMHtnKZch0xpkBS.jpg,FALSE
7.5,Terminator,10/26/1984,218,en,The Terminator,42.603,/qvktm0BHcnmDpul4Hz01GIazWPr.jpg,FALSE
7.5,Sonic the Hedgehog,2/12/2020,454626,en,Sonic the Hedgehog,127.489,/aQvJ5WPzZgYVDrxLX4R6cLJCEaQ.jpg,FALSE
7.5,Arrival,11/10/2016,329865,en,Arrival,33.946,/x2FJsf1ElAgr63Y3PNPtJrcmpoe.jpg,FALSE
7.5,Gattaca,9/7/1997,782,en,Gattaca,23.634,/AuHbFy7d25NUgU9ane25nXeKeVK.jpg,FALSE
7.5,Mad Max: Fury Road,5/13/2015,76341,en,Mad Max: Fury Road,36.85,/sQuxceRcV3cxKH5CAnAUZe0qFKS.jpg,FALSE
7.5,Fury,10/15/2014,228150,en,Fury,31.436,/pfte7wdMobMF4CVHuOxyu6oqeeA.jpg,FALSE
7.4,Star Trek,5/6/2009,13475,en,Star Trek,28.824,/hN2ZtF3Uw6mhIHZiqL0SKzELtKn.jpg,FALSE
7.4,Dunkirk,7/19/2017,374720,en,Dunkirk,25.232,/ebSnODDg9lbsMIaWg2uAbjn7TO5.jpg,FALSE
7.4,Doctor Strange,10/25/2016,284052,en,Doctor Strange,38.326,/gwi5kL7HEWAOTffiA14e4SbOGra.jpg,FALSE
7.4,The Call of the Wild,2/19/2020,481848,en,The Call of the Wild,71.523,/33VdppGbeNxICrFUtW2WpGHvfYc.jpg,FALSE
7.4,Upgrade,6/1/2018,500664,en,Upgrade,25.364,/8fDtXi6gVw8WUMWGT9XFz7YwkuE.jpg,FALSE
7.4,Black Panther,2/13/2018,284054,en,Black Panther,39.888,/uxzzxijgPIY7slzFvMotPv8wjKA.jpg,FALSE
7.4,Ghostbusters,6/8/1984,620,en,Ghostbusters,24.13,/h5Qz8J4T8YQnbZzHXM73WVYYVPK.jpg,FALSE
7.4,First Blood,10/22/1982,1368,en,First Blood,25.376,/a9sa6ERZCpplbPEO7OMWE763CLD.jpg,FALSE
7.4,Spider-Man: Homecoming,7/5/2017,315635,en,Spider-Man: Homecoming,43.31,/c24sv2weTHPsmDa7jEMN0m2P3RT.jpg,FALSE
7.4,Captain America: Civil War,4/27/2016,271110,en,Captain America: Civil War,39.702,/A6BCtWOv5R1X6DmklAuSM6OxnL9.jpg,FALSE
7.4,Ocean's Eleven,12/7/2001,161,en,Ocean's Eleven,26.001,/v5D7K4EHuQHFSjveq8LGxdSfrGS.jpg,FALSE
7.4,Grease,7/7/1978,621,en,Grease,27.057,/czVhhAaSBFpakur7U8pOIDV9NUG.jpg,FALSE
7.4,Star Wars: The Force Awakens,12/15/2015,140607,en,Star Wars: The Force Awakens,38.722,/9rd002JS49RwDW944fF1wjU8iTV.jpg,FALSE
7.4,Avatar,12/10/2009,19995,en,Avatar,32.827,/btnl50ZDJDSCal2NLQIYWw0XxvH.jpg,FALSE
7.4,Dark Waters,11/22/2019,552178,en,Dark Waters,45.24,/hJ6YEbrjFvToa5c7IiUqILoB6Je.jpg,FALSE
7.4,Close Encounters of the Third Kind,11/18/1977,840,en,Close Encounters of the Third Kind,24.013,/f18kDVA9Yj65rC9iflvb52Z02Rs.jpg,FALSE
7.4,Fantastic Beasts and Where to Find Them,11/16/2016,259316,en,Fantastic Beasts and Where to Find Them,30.167,/h6NYfVUyM6CDURtZSnBpz647Ldd.jpg,FALSE
7.4,Baby Driver,6/28/2017,339403,en,Baby Driver,45.772,/rmnQ9jKW72bHu8uKlMjPIb2VLMI.jpg,FALSE
7.4,The Hunger Games: Catching Fire,11/15/2013,101299,en,The Hunger Games: Catching Fire,25.035,/7c1JtraYsjMMnk8Md0IMoyRzqZJ.jpg,FALSE
7.4,Apollo 13,6/30/1995,568,en,Apollo 13,25.616,/oYUZHYMwNKnE1ef4WE5Hw2a9OAY.jpg,FALSE
7.4,Blade Runner 2049,10/4/2017,335984,en,Blade Runner 2049,42.84,/gajva2L0rPYkEWjzgFlBXCAVBE5.jpg,FALSE
7.3,Frozen,11/27/2013,109445,en,Frozen,40.965,/yald8Lsb4uCRvjIH3spzR84Kdwf.jpg,FALSE
7.3,Dawn of the Planet of the Apes,6/26/2014,119450,en,Dawn of the Planet of the Apes,29.168,/ie14Sm0hRI5f7Te2KIfU64NyCPr.jpg,FALSE
7.3,Ice Age,3/10/2002,425,en,Ice Age,29.397,/gLhHHZUzeseRXShoDyC4VqLgsNv.jpg,FALSE
7.3,The Hobbit: The Battle of the Five Armies,12/10/2014,122917,en,The Hobbit: The Battle of the Five Armies,52.003,/xT98tLqatZPQApyRmlPL12LtiWp.jpg,FALSE
7.3,Source Code,3/30/2011,45612,en,Source Code,30.172,/AtQDTlj3MFOXJd5C9OopaRo3rRo.jpg,FALSE
7.3,Mission: Impossible - Fallout,7/13/2018,353081,en,Mission: Impossible - Fallout,31.1,/AkJQpZp9WoNdj7pLYSj1L0RcMMN.jpg,FALSE
7.3,Avengers: Age of Ultron,4/22/2015,99861,en,Avengers: Age of Ultron,40.333,/4ssDuvEDkSArWEdyBl2X5EHvYKU.jpg,FALSE
7.3,John Wick: Chapter 3 - Parabellum,5/15/2019,458156,en,John Wick: Chapter 3 - Parabellum,43.627,/ziEuG1essDuWuC5lpWUaw1uXY2O.jpg,FALSE
7.3,The Hobbit: An Unexpected Journey,11/26/2012,49051,en,The Hobbit: An Unexpected Journey,31.675,/yHA9Fc37VmpUA5UncTxxo3rTGVA.jpg,FALSE
7.3,Split,1/19/2017,381288,en,Split,31.798,/lli31lYTFpvxVBeFHWoe5PMfW5s.jpg,FALSE
7.3,Wonder Woman,5/30/2017,297762,en,Wonder Woman,41.681,/gfJGlDaHuWimErCr5Ql0I8x9QSy.jpg,FALSE
7.3,Maleficent: Mistress of Evil,10/16/2019,420809,en,Maleficent: Mistress of Evil,34.632,/vloNTScJ3w7jwNwtNGoG8DbTThv.jpg,FALSE
7.3,A Quiet Place,4/3/2018,447332,en,A Quiet Place,31.113,/nAU74GmpUk7t5iklEp3bufwDq4n.jpg,FALSE
7.3,Star Trek Into Darkness,5/5/2013,54138,en,Star Trek Into Darkness,26.047,/7XrRkhMa9lQ71RszzSyVrJVvhyS.jpg,FALSE
7.3,The Half of It,5/1/2020,597219,en,The Half of It,28.106,/jC1PNXGET1ZZQyrJvdFhPfXdPP1.jpg,FALSE
7.3,The Devil Wears Prada,6/30/2006,350,en,The Devil Wears Prada,27.824,/u6QBDGUCOEMRekna95ip2MxplbQ.jpg,FALSE
7.2,Frozen II,11/20/2019,330457,en,Frozen II,100.167,/pjeMs3yqRmFL3giJy4PMXWZTTPa.jpg,FALSE
7.2,Birds of Prey (and the Fantabulous Emancipation of One Harley Quinn),2/5/2020,495764,en,Birds of Prey (and the Fantabulous Emancipation of One Harley Quinn),120.236,/h4VB6m0RwcicVEZvzftYZyKXs6K.jpg,FALSE
7.2,The Kissing Booth,5/11/2018,454983,en,The Kissing Booth,27.71,/7Dktk2ST6aL8h9Oe5rpk903VLhx.jpg,FALSE
7.2,Bad Boys for Life,1/15/2020,38700,en,Bad Boys for Life,113.028,/y95lQLnuNKdPAzw9F9Ab8kJ80c3.jpg,FALSE
7.2,The Shape of Water,12/1/2017,399055,en,The Shape of Water,25.256,/k4FwHlMhuRR5BISY2Gm2QZHlH5Q.jpg,FALSE
7.2,Gravity,10/3/2013,49047,en,Gravity,25.465,/nGdGlz45Vt2dJiX2AljerQDSwIM.jpg,FALSE
7.2,Ralph Breaks the Internet,11/20/2018,404368,en,Ralph Breaks the Internet,25.431,/qEnH5meR381iMpmCumAIMswcQw2.jpg,FALSE
7.2,The Lion King,7/12/2019,420818,en,The Lion King,70.219,/2bXbqYdUdNVa8VIWXVfclP2ICtT.jpg,FALSE
7.2,Pirates of the Caribbean: Dead Man's Chest,6/20/2006,58,en,Pirates of the Caribbean: Dead Man's Chest,27.375,/AdRQGfT05z6L9gIpUpkh4McMmpm.jpg,FALSE
7.2,Dolemite Is My Name,10/4/2019,528888,en,Dolemite Is My Name,32.809,/uoAqJg7ZSmftnBGOkupU1ySZQU0.jpg,FALSE
7.2,Big Trouble in Little China,5/30/1986,6978,en,Big Trouble in Little China,24.398,/gI2Qs1yTTj3NcESJyttCkbmJ4k9.jpg,FALSE
7.2,Pirates of the Caribbean: At World's End,5/19/2007,285,en,Pirates of the Caribbean: At World's End,23.905,/jGWpG4YhpQwVmjyHEGkxEkeRf0S.jpg,FALSE
7.2,The Equalizer,9/24/2014,156022,en,The Equalizer,30.838,/vQaYOGkVr0TYeJcjFNOwmYj3tvA.jpg,FALSE
7.2,Airplane!,7/2/1980,813,en,Airplane!,26.128,/hiURvJjCgk0s10urHVCg80TFF11.jpg,FALSE
7.2,Harriet,11/1/2019,506528,en,Harriet,26.229,/rsUs58bDqpJJxZSOebZOMN9gzw2.jpg,FALSE
7.2,The Willoughbys,4/22/2020,560044,en,The Willoughbys,25.229,/9WrMmjdZvpxLQh1tCQ9tOd1asOb.jpg,FALSE
7.1,My Spy,1/9/2020,592834,en,My Spy,31.538,/n2C6jRK9PtPIs99RQhKtqGlsnsO.jpg,FALSE
7.1,Aladdin,5/22/2019,420817,en,Aladdin,75.161,/3iYQTLGoy7QnjcUYRJy4YrAgGvp.jpg,FALSE
7.1,Hereditary,6/7/2018,493922,en,Hereditary,28.158,/lHV8HHlhwNup2VbpiACtlKzaGIQ.jpg,FALSE
7.1,A Beautiful Day in the Neighborhood,9/7/2019,501907,en,A Beautiful Day in the Neighborhood,26.04,/p9vCAVhDK375XyobVcKqzqzsUHE.jpg,FALSE
7.1,John Wick: Chapter 2,2/8/2017,324552,en,John Wick: Chapter 2,35.28,/vn4vJSzAvkHeVp6TSnjppotoLqQ.jpg,FALSE
7.1,Skyfall,10/25/2012,37724,en,Skyfall,25.431,/i3pzXFFLePz5hro9uaVk0E4ZPAO.jpg,FALSE
7.1,Ant-Man,7/14/2015,102899,en,Ant-Man,29.939,/fddtVEUozxvLmehR5yGZjem44pD.jpg,FALSE
7.1,Master and Commander: The Far Side of the World,11/14/2003,8619,en,Master and Commander: The Far Side of the World,24.153,/s1cVTQEZYn4nSjZLnFbzLP0j8y2.jpg,FALSE
7.1,The Maze Runner,9/10/2014,198663,en,The Maze Runner,34.573,/ode14q7WtDugFDp78fo9lCsmay9.jpg,FALSE
7.1,Uncut Gems,11/14/2019,473033,en,Uncut Gems,26.044,/6XN1vxHc7kUSqNWtaQKN45J5x2v.jpg,FALSE
7.1,Maleficent,5/28/2014,102651,en,Maleficent,34.309,/ik8PugpL41s137RAWEGTAWu0dPo.jpg,FALSE
7.1,Don't Let Go,8/30/2019,539651,en,Don't Let Go,29.996,/uNHueGo5TYCTLzoGULse65GC32Q.jpg,FALSE
7.1,Doctor Sleep,10/30/2019,501170,en,Doctor Sleep,28.979,/p69QzIBbN06aTYqRRiCOY1emNBh.jpg,FALSE
7.1,Bloodshot,3/5/2020,338762,en,Bloodshot,187.325,/8WUVHemHFH2ZIP6NWkwlHWsyrEL.jpg,FALSE
7.1,The Invisible Man,2/26/2020,570670,en,The Invisible Man,82.342,/5EufsDwXdY2CVttYOk2WtYhgKpa.jpg,FALSE
7.1,Men in Black,7/2/1997,607,en,Men in Black,27.272,/uLOmOF5IzWoyrgIF5MfUnh5pa1X.jpg,FALSE
7.1,From Russia with Love,10/11/1963,657,en,From Russia with Love,24.838,/xTle7ThbHKQgQYKcyKZ02gfSYIe.jpg,FALSE
7.1,Maze Runner: The Death Cure,1/10/2018,336843,en,Maze Runner: The Death Cure,25.557,/2zYfzA3TBwrMC8tfFbpiTLODde0.jpg,FALSE
7,Brave,6/21/2012,62177,en,Brave,27.596,/fg57nIBn2xQw8JZKIX6AzMa3pEp.jpg,FALSE
7,Midway,11/6/2019,522162,en,Midway,29.429,/hj8pyoNnynGeJTAbl7jcLZO8Uhx.jpg,FALSE
7,Emma,2/13/2020,556678,en,Emma.,32.737,/sm8iVzA7kRp0d4BSIsgXjsSBMKV.jpg,FALSE
7,Dr. No,10/7/1962,646,en,Dr. No,25.45,/E0J8HxoDFA8f9TS5c6e6thsszz.jpg,FALSE
7,Alita: Battle Angel,1/31/2019,399579,en,Alita: Battle Angel,34.646,/xRWht48C2V8XNfzvPehyClOvDni.jpg,FALSE
7,Shazam!,3/29/2019,287947,en,Shazam!,28.837,/xnopI5Xtky18MPhK40cZAGAOVeV.jpg,FALSE
7,Kingsman: The Golden Circle,9/20/2017,343668,en,Kingsman: The Golden Circle,24.643,/34xBL6BXNYFqtHO9zhcgoakS4aP.jpg,FALSE
7,Ant-Man and the Wasp,7/4/2018,363088,en,Ant-Man and the Wasp,32.422,/eivQmS3wqzqnQWILHLc4FsEfcXP.jpg,FALSE
7,Star Wars: The Last Jedi,12/13/2017,181808,en,Star Wars: The Last Jedi,47.718,/kOVEVeg59E0wsnXmF9nrh6OmWII.jpg,FALSE
7,The Proposal,6/1/2009,18240,en,The Proposal,26.042,/3llEDAKXexgVpSqiK17BS4wtJhC.jpg,FALSE
7,Captain Marvel,3/6/2019,299537,en,Captain Marvel,40.049,/AtsgWhDnHTq68L0lLsUrCnM7TjG.jpg,FALSE
7,PokÃ©mon Detective Pikachu,5/3/2019,447404,en,PokÃ©mon Detective Pikachu,30.985,/wgQ7APnFpf1TuviKHXeEe3KnsTV.jpg,FALSE
6.9,Ready or Not,8/21/2019,567609,en,Ready or Not,25.628,/vOl6shtL0wknjaIs6JdKCpcHvg8.jpg,FALSE
6.9,Fantastic Beasts: The Crimes of Grindelwald,11/14/2018,338952,en,Fantastic Beasts: The Crimes of Grindelwald,25.547,/fMMrl8fD9gRCFJvsx0SuFwkEOop.jpg,FALSE
6.9,Beauty and the Beast,3/16/2017,321612,en,Beauty and the Beast,33.332,/tWqifoYuwLETmmasnGHO7xBjEtt.jpg,FALSE
6.9,Bad Education,9/8/2019,530723,en,Bad Education,25.886,/gizz5FphOtfSnLaGpRALOZgILd5.jpg,FALSE
6.9,A Bug's Life,11/25/1998,9487,en,A Bug's Life,23.856,/Ah3J9OJVc2CNCuH2zMydXy9fmIC.jpg,FALSE
6.9,Pitch Perfect 2,5/7/2015,254470,en,Pitch Perfect 2,28.472,/25gcRJC8EmCfVUiFv6rjN0zBSJM.jpg,FALSE
6.9,The Mask,7/29/1994,854,en,The Mask,32.342,/yd3wjLLeQHJ3oRDy4wwiNNFVyLW.jpg,FALSE
6.9,The Fate of the Furious,4/12/2017,337339,en,The Fate of the Furious,24.046,/dImWM7GJqryWJO9LHa3XQ8DD5NH.jpg,FALSE
6.9,Bird Box,12/13/2018,405774,en,Bird Box,25.29,/rGfGfgL2pEPCfhIvqHXieXFn7gp.jpg,FALSE
6.9,Top Gun,5/16/1986,744,en,Top Gun,52.017,/xUuHj3CgmZQ9P2cMaqQs4J0d4Zc.jpg,FALSE
6.9,Ocean's Eight,6/7/2018,402900,en,Ocean's Eight,24.003,/MvYpKlpFukTivnlBhizGbkAe3v.jpg,FALSE
6.9,Iron Man 3,4/18/2013,68721,en,Iron Man 3,37.33,/qhPtAc1TKbMPqNvcdXSOn9Bn7hZ.jpg,FALSE
6.9,Jumanji: The Next Level,12/4/2019,512200,en,Jumanji: The Next Level,59.11,/jyw8VKYEiM1UDzPB7NsisUgBeJ8.jpg,FALSE
6.9,"I, Robot",7/15/2004,2048,en,"I, Robot",32.459,/zDu0TsCZHPzDO0d0iG9QynKGr4J.jpg,FALSE
6.8,Aquaman,12/7/2018,297802,en,Aquaman,26.98,/5Kg76ldv7VxeX9YlcQXiowHgdX6.jpg,FALSE
6.8,Cars,6/8/2006,920,en,Cars,107.637,/qa6HCwP4Z15l3hpsASz3auugEW6.jpg,FALSE
6.8,El Camino: A Breaking Bad Movie,10/11/2019,559969,en,El Camino: A Breaking Bad Movie,39.331,/ePXuKdXZuJx8hHMNr2yM4jY2L7Z.jpg,FALSE
6.8,Jumanji: Welcome to the Jungle,12/9/2017,353486,en,Jumanji: Welcome to the Jungle,24.514,/22hqf97LadMvkd4zDi3Bq25xSqD.jpg,FALSE
6.8,21 Bridges,10/24/2019,535292,en,21 Bridges,39.154,/b40ApfKDPoJYbWepUs7f09Y3fD.jpg,FALSE
6.8,The Hitman's Bodyguard,8/16/2017,390043,en,The Hitman's Bodyguard,24.174,/5CGjlz2vyBhW5xHW4eNOZIdgzYq.jpg,FALSE
6.8,GoldenEye,11/16/1995,710,en,GoldenEye,25.567,/z0ljRnNxIO7CRBhLEO0DvLgAFPR.jpg,FALSE
6.8,Motherless Brooklyn,10/31/2019,504562,en,Motherless Brooklyn,24.128,/jjMJy5OxJHpFIaboCklDIYdcfpD.jpg,FALSE
6.8,Cinderella,3/12/2015,150689,en,Cinderella,31.155,/iH4C837ZWm8IYqULL3PWyGKVtqY.jpg,FALSE
6.8,The Hunger Games: Mockingjay - Part 1,11/19/2014,131631,en,The Hunger Games: Mockingjay - Part 1,63.275,/4FAA18ZIja70d1Tu5hr5cj2q1sB.jpg,FALSE
6.8,Long Shot,5/2/2019,459992,en,Long Shot,23.907,/m2ttWZ8rMRwIMT7zA48Jo6mTkDS.jpg,FALSE
6.8,Bombshell,12/13/2019,525661,en,Bombshell,29.022,/gbPfvwBqbiHpQkYZQvVwB6MVauV.jpg,FALSE
6.8,Iron Man 2,4/28/2010,10138,en,Iron Man 2,32.722,/6WBeq4fCfn7AN0o21W9qNcRF2l9.jpg,FALSE
6.8,It Chapter Two,9/4/2019,474350,en,It Chapter Two,46.246,/zfE0R94v1E8cuKAerbskfD3VfUt.jpg,FALSE
6.8,Dolittle,1/1/2020,448119,en,Dolittle,70.919,/uoplwswBDy7gsOyrbGuKyPFoPCs.jpg,FALSE
6.8,Last Moment of Clarity,5/19/2020,567608,en,Last Moment of Clarity,42.263,/kYHLJIu23bo0MWgUm7KMa1zNa5l.jpg,FALSE
6.8,Sicario: Day of the Soldado,6/27/2018,400535,en,Sicario: Day of the Soldado,23.884,/msqWSQkU403cQKjQHnWLnugv7EY.jpg,FALSE
6.8,Fast & Furious Presents: Hobbs & Shaw,8/1/2019,384018,en,Fast & Furious Presents: Hobbs & Shaw,46.205,/qRyy2UmjC5ur9bDi3kpNNRCc5nc.jpg,FALSE
6.7,Bruce Almighty,5/23/2003,310,en,Bruce Almighty,28.486,/3XJKBKh9Km89EoUEitVTSnrlAkZ.jpg,FALSE
6.7,Thor,4/21/2011,10195,en,Thor,35.123,/prSfAi1xGrhLQNxVSUFh61xQ4Qy.jpg,FALSE
6.7,Maze Runner: The Scorch Trials,9/9/2015,294254,en,Maze Runner: The Scorch Trials,24.282,/mYw7ZyejqSCPFlrT2jHZOESZDU3.jpg,FALSE
6.7,Spenser Confidential,3/6/2020,581600,en,Spenser Confidential,36.191,/fePczipv6ZzDO2uoww4vTAu2Sq3.jpg,FALSE
6.7,Red Shoes and the Seven Dwarfs,7/25/2019,486589,en,Red Shoes and the Seven Dwarfs,26.695,/MBiKqTsouYqAACLYNDadsjhhC0.jpg,FALSE
6.7,The Hunt,3/11/2020,514847,en,The Hunt,44.373,/wxPhn4ef1EAo5njxwBkAEVrlJJG.jpg,FALSE
6.7,The Witch,11/11/2015,310131,en,The Witch,27.891,/o384OC1tCV8nCnozkM6y4MiSqsw.jpg,FALSE
6.7,Star Trek Beyond,7/7/2016,188927,en,Star Trek Beyond,25.087,/yOnd3XQIg7JBmu0UuBjZyLdsxQD.jpg,FALSE
6.7,Chappie,3/4/2015,198184,en,Chappie,30.237,/18IydtBgq8aJZpbP6NxCAGjHhae.jpg,FALSE
6.7,The Wretched,7/10/2019,605804,en,The Wretched,26.257,/RCEEHj36F9zVBYJUhLdkTCzMsC.jpg,FALSE
6.7,Venom,9/28/2018,335983,en,Venom,26.038,/2uNW4WbgBXL25BAbXGLnLqX71Sw.jpg,FALSE
6.6,The Way Back,3/5/2020,529485,en,The Way Back,44.551,/ylPnfaphW3FrLBUVwAREVtiL9My.jpg,FALSE
6.6,Solo: A Star Wars Story,5/15/2018,348350,en,Solo: A Star Wars Story,34.219,/4oD6VEccFkorEBTEDXtpLAaz0Rl.jpg,FALSE
6.6,Inheritance,5/15/2020,602147,en,Inheritance,63.357,/l13mt3oHErSkkqJbN1bjzgtK0Vq.jpg,FALSE
6.6,Valerian and the City of a Thousand Planets,7/20/2017,339964,en,Valerian and the City of a Thousand Planets,31.461,/jfIpMh79fGRqYJ6PwZLCntzgxlF.jpg,FALSE
6.6,Thor: The Dark World,10/29/2013,76338,en,Thor: The Dark World,27.618,/54s3EKPVP4uIvKX4hj5X23ZbNYB.jpg,FALSE
6.6,Bumblebee,12/15/2018,424783,en,Bumblebee,24.966,/fw02ONlDhrYjTSZV8XO6hhU3ds3.jpg,FALSE
6.6,Charlie's Angels,11/14/2019,458897,en,Charlie's Angels,29.232,/1DPUFG6QnGqzpvEaDEv7TaepycM.jpg,FALSE
6.6,Pirates of the Caribbean: Dead Men Tell No Tales,5/23/2017,166426,en,Pirates of the Caribbean: Dead Men Tell No Tales,26.756,/xbpSDU3p7YUGlu9Mr6Egg2Vweto.jpg,FALSE
6.6,Rio,4/3/2011,46195,en,Rio,24.276,/6qCgledQWttNg3EKpts8RYes74r.jpg,FALSE
6.6,Survive the Night,5/22/2020,686245,en,Survive the Night,100.954,/niyXFhGIk4W2WTcX2Eod8vx2Mfe.jpg,FALSE
6.6,Jurassic World,6/6/2015,135397,en,Jurassic World,28.016,/2c0ajTi8nvrsYl5Oi1lVi6F0kd2.jpg,FALSE
6.6,Glass,1/16/2019,450465,en,Glass,27.769,/svIDTNUoajS8dLEo7EosxvyAsgJ.jpg,FALSE
6.6,The Lovebirds,5/22/2020,576156,en,The Lovebirds,77.553,/5jdLnvALCpK1NkeQU1z4YvOe2dZ.jpg,FALSE
6.6,Den of Thieves,1/18/2018,449443,en,Den of Thieves,28.946,/AfybH6GbGFw1F9bcETe2yu25mIE.jpg,FALSE
6.5,Star Wars: Episode II - Attack of the Clones,5/15/2002,1894,en,Star Wars: Episode II - Attack of the Clones,25.714,/oZNPzxqM2s5DyVWab09NTQScDQt.jpg,FALSE
6.5,Escape From Pretoria,3/6/2020,502425,en,Escape From Pretoria,29.406,/8GGS0jkFFCnmdStvZED6NL6V7gd.jpg,FALSE
6.5,Jurassic World: Fallen Kingdom,6/6/2018,351286,en,Jurassic World: Fallen Kingdom,37.752,/c9XxwwhPHdaImA2f1WEfEsbhaFB.jpg,FALSE
6.5,Star Wars: Episode I - The Phantom Menace,5/19/1999,1893,en,Star Wars: Episode I - The Phantom Menace,26.13,/6wkfovpn7Eq8dYNKaG5PY3q2oq6.jpg,FALSE
6.5,The Amazing Spider-Man,6/23/2012,1930,en,The Amazing Spider-Man,27.173,/jIfkQNARYyERqRAq1p1c8xgePp4.jpg,FALSE
6.5,It Follows,2/4/2015,270303,en,It Follows,27.877,/kdxZZ04HFh98ZZBiTZNWHMexsGZ.jpg,FALSE
6.5,Man of Steel,6/12/2013,49521,en,Man of Steel,28.181,/7rIPjn5TUK04O25ZkMyHrGNPgLx.jpg,FALSE
6.5,X-Men: Apocalypse,5/18/2016,246655,en,X-Men: Apocalypse,28.303,/2mtQwJKVKQrZgTz49Dizb25eOQQ.jpg,FALSE
6.5,King Arthur: Legend of the Sword,5/10/2017,274857,en,King Arthur: Legend of the Sword,26.836,/gvSWdJN7peehxJYOugV9IwqiAFi.jpg,FALSE
6.5,Terminator: Dark Fate,10/23/2019,290859,en,Terminator: Dark Fate,42.328,/i8QWXu6dGuTKKerJtnd0A4lUpbv.jpg,FALSE
6.5,Contagion,9/8/2011,39538,en,Contagion,32.221,/qL0IooP0bjXy0KXl9KEyPo22ll0.jpg,FALSE
6.5,Star Wars: The Rise of Skywalker,12/18/2019,181812,en,Star Wars: The Rise of Skywalker,89.691,/db32LaOibwEliAmSL2jjDF6oDdj.jpg,FALSE
6.5,Crash,7/17/1996,884,en,Crash,35.891,/prJlxxMZ4bbvefnDU4H6dSL3Fub.jpg,FALSE
6.5,Spectre,10/26/2015,206647,en,Spectre,27.453,/672kUEMtTHcaVYSVY4eiHEliHFa.jpg,FALSE
6.4,Guns Akimbo,9/9/2019,457335,en,Guns Akimbo,29.286,/2kNnf7BwRCEm4bcFkdiE0T4U25s.jpg,FALSE
6.4,Kong: Skull Island,3/8/2017,293167,en,Kong: Skull Island,25.57,/r2517Vz9EhDhj88qwbDVj8DCRZN.jpg,FALSE
6.4,Life,3/22/2017,395992,en,Life,28.353,/pNM3ASsU1IrN0SgGOBldHQ53iSb.jpg,FALSE
6.4,Run All Night,3/11/2015,241554,en,Run All Night,23.754,/frzdzHceByAIlwVKvSvY9zqpjyV.jpg,FALSE
6.4,War of the Worlds,6/28/2005,74,en,War of the Worlds,32.852,/6Biy7R9LfumYshur3YKhpj56MpB.jpg,FALSE
6.4,Hustlers,9/12/2019,540901,en,Hustlers,28.111,/zBhv8rsLOfpFW2M5b6wW78Uoojs.jpg,FALSE
6.4,Brahms: The Boy II,2/20/2020,555974,en,Brahms: The Boy II,27.613,/tIpGQ9uuII7QVFF0GHCFTJFfXve.jpg,FALSE
6.4,Underwater,1/8/2020,443791,en,Underwater,72.467,/gzlbb3yeVISpQ3REd3Ga1scWGTU.jpg,FALSE
6.4,Gretel & Hansel,1/30/2020,542224,en,Gretel & Hansel,26.225,/mBBBXseq4k4dI63k06XIrsc02j8.jpg,FALSE
6.4,The Postcard Killings,3/13/2020,449756,en,The Postcard Killings,27.129,/iPOHjGttfXfPsqhhv6x0fv5rU1H.jpg,FALSE
6.4,The Room,9/12/2019,582913,en,The Room,26.479,/bWyQwZziHh1DK9F59eqahZD8Upc.jpg,FALSE
6.4,Prometheus,5/30/2012,70981,en,Prometheus,24.599,/qsYQflQhOuhDpQ0W2aOcwqgDAeI.jpg,FALSE
6.3,6 Underground,12/13/2019,509967,en,6 Underground,29.835,/lnWkyG3LLgbbrIEeyl5mK5VRFe4.jpg,FALSE
6.3,Godzilla: King of the Monsters,5/29/2019,373571,en,Godzilla: King of the Monsters,33.677,/pU3bnutJU91u3b4IeRPQTOP8jhV.jpg,FALSE
6.3,Rampage,4/12/2018,427641,en,Rampage,24.9,/MGADip4thVSErP34FAAfzFBTZ5.jpg,FALSE
6.3,Due Date,11/4/2010,41733,en,Due Date,24.325,/sBxWS09pOOyXZ0dcnqfqqCAQGan.jpg,FALSE
6.3,Angel Has Fallen,8/21/2019,423204,en,Angel Has Fallen,25.921,/fapXd3v9qTcNBTm39ZC4KUVQDNf.jpg,FALSE
6.3,Gemini Man,10/2/2019,453405,en,Gemini Man,31.131,/uTALxjQU8e1lhmNjP9nnJ3t2pRU.jpg,FALSE
6.3,Insurgent,3/18/2015,262500,en,Insurgent,30.759,/dP5Fb6YRfzmCQtRbHOr2kO7tJW9.jpg,FALSE
6.3,A Walk Among the Tombstones,9/18/2014,169917,en,A Walk Among the Tombstones,25.583,/bQTHTZezSudf27mMQtedHf1XpgO.jpg,FALSE
6.3,Annihilation,2/22/2018,300668,en,Annihilation,24.742,/d3qcpfNwbAMCNqWDHzPQsUYiUgS.jpg,FALSE
6.3,Atomic Blonde,7/26/2017,341013,en,Atomic Blonde,24.031,/kV9R5h0Yct1kR8Hf8sJ1nX0Vz4x.jpg,FALSE
6.3,Men in Black II,7/3/2002,608,en,Men in Black II,26.672,/enA22EPyzc2WQ1VVyY7zxresQQr.jpg,FALSE
6.3,Warcraft,5/25/2016,68735,en,Warcraft,26.759,/k3a41SS1q5xmbvzPvzTIfG7GDlp.jpg,FALSE
6.3,The Lodge,1/25/2019,474764,en,The Lodge,57.372,/yake2myhbW7c6dKbmwYDy1i40bm.jpg,FALSE
6.3,X-Men: Production Scrapbook,11/2/2003,81946,en,X-Men: Production Scrapbook,26.866,,FALSE
6.3,Dracula Untold,10/1/2014,49017,en,Dracula Untold,37.348,/m5h3NtZ2ZfryIHl1MvatmANvIqQ.jpg,FALSE
6.3,Tomb Raider,3/5/2018,338970,en,Tomb Raider,24.086,/ePyN2nX9t8SOl70eRW47Q29zUFO.jpg,FALSE
6.2,Justice League,11/15/2017,141052,en,Justice League,55.098,/eifGNCSDuxJeS1loAXil5bIGgvC.jpg,FALSE
6.2,Tomorrowland,5/19/2015,158852,en,Tomorrowland,24.404,/jNB2zXgLG8D98X1kYwERVlrW3Oa.jpg,FALSE
6.2,The World Is Not Enough,11/17/1999,36643,en,The World Is Not Enough,23.619,/bc1MIdWr8Y9RsfD9Qq7932prh5v.jpg,FALSE
6.2,The Incredible Hulk,6/12/2008,1724,en,The Incredible Hulk,26.114,/vcFeElC8eXI668WSIxcDNkJSBxv.jpg,FALSE
6.2,Spider-Man 3,5/1/2007,559,en,Spider-Man 3,23.793,/sqZKCRYGovZ8aN99VVJSdL8Ja9k.jpg,FALSE
6.2,Fantasy Island,2/12/2020,539537,en,Fantasy Island,36.133,/8ZMrZGGW65ePWIgRn1260nA1uUm.jpg,FALSE
6.2,Color Out of Space,1/24/2020,548473,en,Color Out of Space,23.898,/vkwgzCBBiY3C1XEy0WakYfMOvnG.jpg,FALSE
6.2,True History of the Kelly Gang,1/9/2020,501395,en,True History of the Kelly Gang,32.748,/uZF4BZe45icLx7XVFUFnmLEemNm.jpg,FALSE
6.2,Taken 3,12/16/2014,260346,en,Taken 3,27.741,/4TOCAmmcqmLKP31mKYVIiJTje0S.jpg,FALSE
6.2,Jason Bourne,7/27/2016,324668,en,Jason Bourne,27.395,/xA7N41glw17MBQtcWSm2eBlBRuG.jpg,FALSE
6.2,Code 8,12/6/2019,461130,en,Code 8,25.678,/izGX7npHEopDQvngYcxMJEfcFbj.jpg,FALSE
6.2,Rambo: Last Blood,9/19/2019,522938,en,Rambo: Last Blood,26.519,/kTQ3J8oTTKofAVLYnds2cHUz9KO.jpg,FALSE
6.2,Night at the Museum: Secret of the Tomb,12/17/2014,181533,en,Night at the Museum: Secret of the Tomb,26.291,/ipZlg4EVo4kj2TjiR0hfSYdEzbd.jpg,FALSE
6.2,Days of Thunder,6/27/1990,2119,en,Days of Thunder,24.513,/2xfP227oLToQjBCUg3FI18pWh3G.jpg,FALSE
6.1,Twilight,11/20/2008,8966,en,Twilight,28.391,/3Rr0cXFjJ7GVvtaQKmFSMXHG9yr.jpg,FALSE
6.1,San Andreas,5/27/2015,254128,en,San Andreas,25.705,/2Gfjn962aaFSD6eST6QU3oLDZTo.jpg,FALSE
6.1,The Expendables,8/3/2010,27578,en,The Expendables,26.807,/8tb3x0rYBGkgOTh1dCXPpmikp1V.jpg,FALSE
6.1,Jack Ryan: Shadow Recruit,1/15/2014,137094,en,Jack Ryan: Shadow Recruit,26.548,/m7HcLUodrD4lM4s0Hui1tzO2pjO.jpg,FALSE
6.1,The Wrong Missy,5/13/2020,582596,en,The Wrong Missy,92.566,/A2YlIrzypvhS3vTFMcDkG3xLvac.jpg,FALSE
6,Ad Astra,9/17/2019,419704,en,Ad Astra,635.993,/xBHvZcjRiWyobQ9kxBhO6B2dtRI.jpg,FALSE
6,Transformers: The Last Knight,6/16/2017,335988,en,Transformers: The Last Knight,23.576,/s5HQf2Gb3lIO2cRcFwNL9sn1o1o.jpg,FALSE
6,Dark Phoenix,6/5/2019,320288,en,Dark Phoenix,43.881,/cCTJPelKGLhALq3r51A9uMonxKj.jpg,FALSE
6,The Meg,8/9/2018,345940,en,The Meg,25.175,/xqECHNvzbDL5I3iiOVUkVPJMSbc.jpg,FALSE
6,Ghost in the Shell,3/29/2017,315837,en,Ghost in the Shell,25.25,/myRzRzCxdfUWjkJWgpHHZ1oGkJd.jpg,FALSE
6,Men in Black: International,6/12/2019,479455,en,Men in Black: International,25.501,/dPrUPFcgLfNbmDL8V69vcrTyEfb.jpg,FALSE
6,Alien Resurrection,11/12/1997,8078,en,Alien Resurrection,28.987,/rKieU3TLipKPmC4yXmsiHBRLnMG.jpg,FALSE
6,Death Wish,3/2/2018,395990,en,Death Wish,28.549,/g0eEEZAqMf98ULQnoiORuazjOpn.jpg,FALSE
5.9,Pacific Rim: Uprising,3/21/2018,268896,en,Pacific Rim: Uprising,28.538,/v5HlmJK9bdeHxN2QhaFP1ivjX3U.jpg,FALSE
5.9,Ice Age: Collision Course,6/23/2016,278154,en,Ice Age: Collision Course,23.603,/1VCRVaBObV3ZLDuuYQHCs87NBmi.jpg,FALSE
5.9,Terminator Genisys,6/23/2015,87101,en,Terminator Genisys,38.764,/oZRVDpNtmHk8M1VYy1aeOWUXgbC.jpg,FALSE
5.9,Lying and Stealing,7/12/2019,509874,en,Lying and Stealing,28.902,/1kghaV5pWdrv9MDusDlizYTPFAc.jpg,FALSE
5.9,Teenage Mutant Ninja Turtles,8/7/2014,98566,en,Teenage Mutant Ninja Turtles,35.852,/c1E7q1SqNQjWEFdjaNfcdQhM5ou.jpg,FALSE
5.9,Alien: Covenant,5/9/2017,126889,en,Alien: Covenant,33.019,/zecMELPbU5YMQpC81Z8ImaaXuf9.jpg,FALSE
5.8,Love Wedding Repeat,4/10/2020,624808,en,Love Wedding Repeat,38.278,/zn7feouGPU8sELez4qvpp0EtgeQ.jpg,FALSE
5.8,Vivarium,7/12/2019,458305,en,Vivarium,35.441,/myf3qzpeN0JbuFRPwSpJcz7rmAT.jpg,FALSE
5.8,The Turning,1/23/2020,492611,en,The Turning,24.709,/uiMHiHp9eAjJty8rddoUnL9G5fU.jpg,FALSE
5.8,The Night Clerk,2/19/2020,526007,en,The Night Clerk,43.663,/hPWjid7yMatyIDHvku7lCMN7zSi.jpg,FALSE
5.8,Batman v Superman: Dawn of Justice,3/23/2016,209112,en,Batman v Superman: Dawn of Justice,31.797,/5UsK3grJvtQrtzEgqNlDljJW96w.jpg,FALSE
5.8,How to Build a Girl,5/8/2020,572299,en,How to Build a Girl,24.488,/zqD8bMeNIKJLp0SSkh9gmkusO4X.jpg,FALSE
5.8,Clash of the Titans,4/1/2010,18823,en,Clash of the Titans,25.091,/nzaolaRSo8ZIGjxnX89PEnpROae.jpg,FALSE
5.7,Battleship,4/11/2012,44833,en,Battleship,33.681,/9b0Im7SfedHiajTwzSL9zGyBI7M.jpg,FALSE
5.7,Proximity,5/15/2020,693158,en,Proximity,26.275,/yYio7FY9fDsH2DF9utAbK0J94Lc.jpg,FALSE
5.7,The Grudge,1/2/2020,465086,en,The Grudge,26.072,/vN7JHlHOT9rHNDU27tfYqhABBj5.jpg,FALSE
5.6,The Rhythm Section,1/31/2020,466622,en,The Rhythm Section,25.78,/spTr0VYyRtl36Lkk6nCnnbFXhus.jpg,FALSE
5.5,Cold Pursuit,2/7/2019,438650,en,Cold Pursuit,27.039,/hXgmWPd1SuujRZ4QnKLzrj79PAw.jpg,FALSE
5.5,Wild Card,1/14/2015,265208,en,Wild Card,32.318,/zN80Tlly8oMpKbVJv2TfRIj8dHG.jpg,FALSE
5.4,Capone,5/12/2020,429422,en,Capone,52.219,/75gDv38UgRtAukSxNXcjatyQmEa.jpg,FALSE
5.2,Jocks,11/14/1986,67693,en,Jocks,41.787,/tgjpxqrugdbnADyKGvo65kySaBL.jpg,FALSE
5.1,Independence Day: Resurgence,6/22/2016,47933,en,Independence Day: Resurgence,25.76,/jzpvh0Ic7jL9GX4NLE1Tx2GUCrN.jpg,FALSE
4.8,Broil,5/20/2020,669770,en,Broil,25.164,/fcNbQWAb9DVsL9U9dX4TYi3Ci9L.jpg,FALSE
4.6,Blood and Money,5/15/2020,691812,en,Allagash,36.163,/st4n0FALlo0twLkSqxAvU15SKvU.jpg,FALSE
4.4,Cats,12/19/2019,536869,en,Cats,30.468,/aCNch5FmzT2WaUcY44925owIZXY.jpg,FALSE
0,Kajillionaire,6/19/2020,541305,en,Kajillionaire,29.048,/vzIhsSq3WGtNcTIBUkQL2SflTaF.jpg,FALSE
0,Anita,12/31/2020,323144,en,Anita,23.738,,FALSE
0,Tenet,7/15/2020,577922,en,Tenet,32.584,/k68nPLbIST6NP96JmTxmZijEvCA.jpg,FALSE
0,Superintelligence,12/31/2020,521007,en,Superintelligence,25.867,,FALSE
